Starting processing, please wait a bit...
Checking for Script
Script at DataModel/Workspace/Map/Casino/Floor/Union/PrivateLounge
Script at DataModel/Workspace/Map/TournamentArea/PrivateLounge
Script at DataModel/Workspace/Model/Aligners/Script
Script at DataModel/Workspace/Model/Triggers/Script
Script at DataModel/Workspace/Model/Horses/Script
Script at DataModel/Workspace/Model/Stoppers/Script
LocalScript at DataModel/ReplicatedFirst/PlayersListPlus
LocalScript at DataModel/StarterPlayer/StarterPlayerScripts/CommandLocalHandler
ModuleScript at DataModel/StarterPlayer/StarterPlayerScripts/Epic UI Pack/ExtendBarClass
ModuleScript at DataModel/StarterPlayer/StarterPlayerScripts/Epic UI Pack/ExtendGuiButtonClass
ModuleScript at DataModel/StarterPlayer/StarterPlayerScripts/Epic UI Pack/ExtendGuiObjectClass
ModuleScript at DataModel/StarterPlayer/StarterPlayerScripts/Epic UI Pack/ExtendTextLabelClass
LocalScript at DataModel/StarterPlayer/StarterCharacterScripts/CameraFix
Script at DataModel/StarterPlayer/StarterCharacterScripts/AwardBadge
LocalScript at DataModel/StarterPlayer/StarterCharacterScripts/Sprint
Script at DataModel/StarterPlayer/StarterCharacterScripts/Overhead
Script at DataModel/StarterPlayer/StarterCharacterScripts/Collisions
LocalScript at DataModel/StarterPack/GuidePamplet/PampletToolCore
LocalScript at DataModel/StarterPack/PayoutPamplet/PampletToolCore
LocalScript at DataModel/StarterGui/Game/Information/ClockUpdater
LocalScript at DataModel/StarterGui/Game/Leaderboard/LeaderboardScript
LocalScript at DataModel/StarterGui/Game/Announcement/Announcer
LocalScript at DataModel/StarterGui/Game/GuidePamplet/Back/Scripts/ExtendTextButtonLocalScript
LocalScript at DataModel/StarterGui/Game/GuidePamplet/Forward/Scripts/ExtendTextButtonLocalScript
LocalScript at DataModel/StarterGui/Game/GuidePamplet/PampletCore
LocalScript at DataModel/StarterGui/Game/Jackpots/JackpotScript
LocalScript at DataModel/StarterGui/Game/Jackpots/Backing/UIGridLayout/Welcome/Scripts/ExtendTextWithStrokeLocalScript
LocalScript at DataModel/StarterGui/Game/Jackpots/Backing/UIGridLayout/Jackpot/Scripts/ExtendTextWithStrokeLocalScript
LocalScript at DataModel/StarterGui/Game/PayoutPamplet/PampletCore
LocalScript at DataModel/StarterGui/Game/PayoutPamplet/Back/Scripts/ExtendTextButtonLocalScript
LocalScript at DataModel/StarterGui/Game/PayoutPamplet/Forward/Scripts/ExtendTextButtonLocalScript
LocalScript at DataModel/StarterGui/Game/Sidebar/Toggles/Options/Scripts/ExtendTextButtonLocalScript
LocalScript at DataModel/StarterGui/Game/Sidebar/Toggles/Store/Scripts/ExtendTextButtonLocalScript
LocalScript at DataModel/StarterGui/Game/Sidebar/Toggles/Tutorial/Scripts/ExtendTextButtonLocalScript
LocalScript at DataModel/StarterGui/Game/Sidebar/Backings/Store/Content/Header/Title/Scripts/ExtendTextWithStrokeLocalScript
LocalScript at DataModel/StarterGui/Game/Sidebar/Backings/Store/Upgrades/FasterSpins/CashBuy/Scripts/ExtendTextButtonLocalScript
LocalScript at DataModel/StarterGui/Game/Sidebar/Backings/Store/Upgrades/DoubleSpins/CashBuy/Scripts/ExtendTextButtonLocalScript
LocalScript at DataModel/StarterGui/Game/Sidebar/Backings/Store/ShopCore
LocalScript at DataModel/StarterGui/Game/Sidebar/Backings/Options/Content/Header/Title/Scripts/ExtendTextWithStrokeLocalScript
LocalScript at DataModel/StarterGui/Game/Sidebar/Backings/Options/Content/Body/Toggles/Jackpots/Scripts/ExtendTextButtonLocalScript
LocalScript at DataModel/StarterGui/Game/Sidebar/Backings/Options/Content/Body/Toggles/Jackpots/Toggle
LocalScript at DataModel/StarterGui/Game/Sidebar/Backings/Options/Content/Body/Toggles/LargeGUI/Scripts/ExtendTextButtonLocalScript
LocalScript at DataModel/StarterGui/Game/Sidebar/Backings/Options/Content/Body/Toggles/LargeGUI/Toggle
LocalScript at DataModel/StarterGui/Game/Sidebar/Backings/Options/Content/Body/Toggles/Players/Scripts/ExtendTextButtonLocalScript
LocalScript at DataModel/StarterGui/Game/Sidebar/Backings/Options/Content/Body/Toggles/Players/Toggle
LocalScript at DataModel/StarterGui/Game/Sidebar/Backings/Options/Content/Body/OptionsCore
LocalScript at DataModel/StarterGui/Game/Sidebar/Backings/Options/Content/Body/Sliders/Music/Ambience
LocalScript at DataModel/StarterGui/Game/Sidebar/Backings/Options/Content/Body/Sliders/Music/SliderUpdate
LocalScript at DataModel/StarterGui/Game/Sidebar/Backings/Options/Content/Body/Sliders/Brightness/SliderUpdate
LocalScript at DataModel/StarterGui/Game/Sidebar/Backings/Options/Content/Body/Sliders/Contrast/SliderUpdate
LocalScript at DataModel/StarterGui/Game/Sidebar/Backings/Options/Content/Body/Sliders/Saturation/SliderUpdate
LocalScript at DataModel/StarterGui/Game/Sidebar/Backings/Options/Content/Body/Sliders/NPCs/SliderUpdate
LocalScript at DataModel/StarterGui/Game/Sidebar/Backings/Options/Content/Body/Sliders/Slots/SliderUpdate
LocalScript at DataModel/StarterGui/Game/Sidebar/Backings/Options/Content/Body/Sliders/Tabletop/SliderUpdate
LocalScript at DataModel/StarterGui/Game/Sidebar/Backings/Options/Content/Body/Sliders/FOV/SliderUpdate
LocalScript at DataModel/StarterGui/Game/Sidebar/Backings/Options/Content/Body/Sliders/Notifications/SliderUpdate
LocalScript at DataModel/StarterGui/Game/Sidebar/SidebarCore
LocalScript at DataModel/StarterGui/Game/Tutorial/TutorialCore
LocalScript at DataModel/StarterGui/Game/Tutorial/0/Content/Footer/Next/Scripts/ExtendTextButtonLocalScript
LocalScript at DataModel/StarterGui/Game/Tutorial/0/Content/Header/Title/Scripts/ExtendTextWithStrokeLocalScript
LocalScript at DataModel/StarterGui/Game/Tutorial/0/Content/Body/Scripts/ExtendTextLocalScript
LocalScript at DataModel/StarterGui/Game/Tutorial/1/Content/Footer/Next/Scripts/ExtendTextButtonLocalScript
LocalScript at DataModel/StarterGui/Game/Tutorial/1/Content/Header/Title/Scripts/ExtendTextWithStrokeLocalScript
LocalScript at DataModel/StarterGui/Game/Tutorial/1/Content/Body/Scripts/ExtendTextLocalScript
LocalScript at DataModel/StarterGui/Game/Tutorial/2/Content/Footer/Next/Scripts/ExtendTextButtonLocalScript
LocalScript at DataModel/StarterGui/Game/Tutorial/2/Content/Header/Title/Scripts/ExtendTextWithStrokeLocalScript
LocalScript at DataModel/StarterGui/Game/Tutorial/2/Content/Body/Scripts/ExtendTextLocalScript
LocalScript at DataModel/StarterGui/Game/Tutorial/3/Content/Footer/Next/Scripts/ExtendTextButtonLocalScript
LocalScript at DataModel/StarterGui/Game/Tutorial/3/Content/Header/Title/Scripts/ExtendTextWithStrokeLocalScript
LocalScript at DataModel/StarterGui/Game/Tutorial/3/Content/Body/Scripts/ExtendTextLocalScript
LocalScript at DataModel/StarterGui/Game/Tutorial/4/Content/Footer/Next/Scripts/ExtendTextButtonLocalScript
LocalScript at DataModel/StarterGui/Game/Tutorial/4/Content/Header/Title/Scripts/ExtendTextWithStrokeLocalScript
LocalScript at DataModel/StarterGui/Game/Tutorial/4/Content/Body/Scripts/ExtendTextLocalScript
LocalScript at DataModel/StarterGui/Game/Tutorial/5/Content/Footer/Next/Scripts/ExtendTextButtonLocalScript
LocalScript at DataModel/StarterGui/Game/Tutorial/5/Content/Header/Title/Scripts/ExtendTextWithStrokeLocalScript
LocalScript at DataModel/StarterGui/Game/Tutorial/5/Content/Body/Scripts/ExtendTextLocalScript
LocalScript at DataModel/StarterGui/Game/Tutorial/6/Content/Footer/Next/Scripts/ExtendTextButtonLocalScript
LocalScript at DataModel/StarterGui/Game/Tutorial/6/Content/Header/Title/Scripts/ExtendTextWithStrokeLocalScript
LocalScript at DataModel/StarterGui/Game/Tutorial/6/Content/Body/Scripts/ExtendTextLocalScript
LocalScript at DataModel/StarterGui/Game/Tutorial/7/Content/Footer/Next/Scripts/ExtendTextButtonLocalScript
LocalScript at DataModel/StarterGui/Game/Tutorial/7/Content/Header/Title/Scripts/ExtendTextWithStrokeLocalScript
LocalScript at DataModel/StarterGui/Game/Tutorial/7/Content/Body/Scripts/ExtendTextLocalScript
LocalScript at DataModel/StarterGui/Game/Tutorial/8/Content/Footer/Next/Scripts/ExtendTextButtonLocalScript
LocalScript at DataModel/StarterGui/Game/Tutorial/8/Content/Header/Title/Scripts/ExtendTextWithStrokeLocalScript
LocalScript at DataModel/StarterGui/Game/Tutorial/8/Content/Body/Scripts/ExtendTextLocalScript
LocalScript at DataModel/StarterGui/Game/Tutorial/9/Content/Footer/Next/Scripts/ExtendTextButtonLocalScript
LocalScript at DataModel/StarterGui/Game/Tutorial/9/Content/Header/Title/Scripts/ExtendTextWithStrokeLocalScript
LocalScript at DataModel/StarterGui/Game/Tutorial/9/Content/Body/Scripts/ExtendTextLocalScript
LocalScript at DataModel/StarterGui/Game/Tutorial/11/Content/Footer/Next/Scripts/ExtendTextButtonLocalScript
LocalScript at DataModel/StarterGui/Game/Tutorial/11/Content/Header/Title/Scripts/ExtendTextWithStrokeLocalScript
LocalScript at DataModel/StarterGui/Game/Tutorial/11/Content/Body/Scripts/ExtendTextLocalScript
LocalScript at DataModel/StarterGui/Game/Tutorial/10/Content/Footer/Next/Scripts/ExtendTextButtonLocalScript
LocalScript at DataModel/StarterGui/Game/Tutorial/10/Content/Header/Title/Scripts/ExtendTextWithStrokeLocalScript
LocalScript at DataModel/StarterGui/Game/Tutorial/10/Content/Body/Scripts/ExtendTextLocalScript
LocalScript at DataModel/StarterGui/Game/Tutorial/12/Content/Footer/Next/Scripts/ExtendTextButtonLocalScript
LocalScript at DataModel/StarterGui/Game/Tutorial/12/Content/Header/Title/Scripts/ExtendTextWithStrokeLocalScript
LocalScript at DataModel/StarterGui/Game/Tutorial/12/Content/Body/Scripts/ExtendTextLocalScript
LocalScript at DataModel/StarterGui/Disclaimers/Disclaimer/DisclaimerLocalCore
LocalScript at DataModel/StarterGui/Disclaimers/Mobile/MobileLocalCore
ModuleScript at DataModel/ReplicatedStorage/Modules/GameData
ModuleScript at DataModel/ReplicatedStorage/Modules/Slider/Utils/Signal
ModuleScript at DataModel/ReplicatedStorage/Modules/Slider/Utils/SliderFuncs
ModuleScript at DataModel/ReplicatedStorage/Modules/Slider
ModuleScript at DataModel/ReplicatedStorage/Modules/Permissions
ModuleScript at DataModel/ReplicatedStorage/Modules/UserInterfaceData
ModuleScript at DataModel/ReplicatedStorage/PlayersListPlus/Animations/RainbowGradient
ModuleScript at DataModel/ReplicatedStorage/PlayersListPlus/Animations/Golden
ModuleScript at DataModel/ReplicatedStorage/PlayersListPlus/Animations/ShinyGradient
ModuleScript at DataModel/ReplicatedStorage/PlayersListPlus/Modules/SelectPlayer
ModuleScript at DataModel/ReplicatedStorage/PlayersListPlus/Modules/Abbreviation
ModuleScript at DataModel/ReplicatedStorage/PlayersListPlus/Modules/GetCustomIcon
ModuleScript at DataModel/ReplicatedStorage/PlayersListPlus/Modules/GetSize
ModuleScript at DataModel/ReplicatedStorage/PlayersListPlus/Modules/GetCustomTag
ModuleScript at DataModel/ReplicatedStorage/PlayersListPlus/Modules/GetPermissions
ModuleScript at DataModel/ReplicatedStorage/PlayersListPlus
ModuleScript at DataModel/ServerScriptService/Commands/CommandHandler/Hooks/BeforeRun
ModuleScript at DataModel/ServerScriptService/Commands/CommandHandler/CustomCommands/Developer/shutdown
ModuleScript at DataModel/ServerScriptService/Commands/CommandHandler/CustomCommands/Developer/shutdownServer
ModuleScript at DataModel/ServerScriptService/Commands/CommandHandler/CustomCommands/Developer/currency
ModuleScript at DataModel/ServerScriptService/Commands/CommandHandler/CustomCommands/Developer/currencyServer
ModuleScript at DataModel/ServerScriptService/Commands/CommandHandler/CustomCommands/Developer/ocurrency
ModuleScript at DataModel/ServerScriptService/Commands/CommandHandler/CustomCommands/Developer/ocurrencyServer
ModuleScript at DataModel/ServerScriptService/Commands/CommandHandler/CustomCommands/Developer/regenlevel
ModuleScript at DataModel/ServerScriptService/Commands/CommandHandler/CustomCommands/Developer/regenlevelServer
ModuleScript at DataModel/ServerScriptService/Commands/CommandHandler/CustomCommands/Developer/awardbadgeServer
ModuleScript at DataModel/ServerScriptService/Commands/CommandHandler/CustomCommands/Developer/awardbadge
ModuleScript at DataModel/ServerScriptService/Commands/CommandHandler/CustomCommands/Developer/playtimelimit
ModuleScript at DataModel/ServerScriptService/Commands/CommandHandler/CustomCommands/Developer/playtimelimitServer
ModuleScript at DataModel/ServerScriptService/Commands/CommandHandler/CustomCommands/Developer/getdata
ModuleScript at DataModel/ServerScriptService/Commands/CommandHandler/CustomCommands/Developer/getdataServer
ModuleScript at DataModel/ServerScriptService/Commands/CommandHandler/CustomCommands/Developer/getattributes
ModuleScript at DataModel/ServerScriptService/Commands/CommandHandler/CustomCommands/Developer/getattributesServer
ModuleScript at DataModel/ServerScriptService/Commands/CommandHandler/CustomCommands/Developer/globalannounceServer
ModuleScript at DataModel/ServerScriptService/Commands/CommandHandler/CustomCommands/Developer/globalannounce
ModuleScript at DataModel/ServerScriptService/Commands/CommandHandler/CustomCommands/Moderator/pban
ModuleScript at DataModel/ServerScriptService/Commands/CommandHandler/CustomCommands/Moderator/opban
ModuleScript at DataModel/ServerScriptService/Commands/CommandHandler/CustomCommands/Moderator/tban
ModuleScript at DataModel/ServerScriptService/Commands/CommandHandler/CustomCommands/Moderator/tbanServer
ModuleScript at DataModel/ServerScriptService/Commands/CommandHandler/CustomCommands/Moderator/opbanServer
ModuleScript at DataModel/ServerScriptService/Commands/CommandHandler/CustomCommands/Moderator/otban
ModuleScript at DataModel/ServerScriptService/Commands/CommandHandler/CustomCommands/Moderator/otbanServer
ModuleScript at DataModel/ServerScriptService/Commands/CommandHandler/CustomCommands/Moderator/pbanServer
ModuleScript at DataModel/ServerScriptService/Commands/CommandHandler/CustomCommands/Moderator/showhistory
ModuleScript at DataModel/ServerScriptService/Commands/CommandHandler/CustomCommands/Moderator/showhistoryServer
ModuleScript at DataModel/ServerScriptService/Commands/CommandHandler/CustomCommands/Moderator/oshowhistory
ModuleScript at DataModel/ServerScriptService/Commands/CommandHandler/CustomCommands/Moderator/oshowhistoryServer
ModuleScript at DataModel/ServerScriptService/Commands/CommandHandler/CustomCommands/Moderator/kick
ModuleScript at DataModel/ServerScriptService/Commands/CommandHandler/CustomCommands/Moderator/kickServer
ModuleScript at DataModel/ServerScriptService/Commands/CommandHandler/CustomCommands/Moderator/owipehistoryServer
ModuleScript at DataModel/ServerScriptService/Commands/CommandHandler/CustomCommands/Moderator/unban
ModuleScript at DataModel/ServerScriptService/Commands/CommandHandler/CustomCommands/Moderator/unbanServer
ModuleScript at DataModel/ServerScriptService/Commands/CommandHandler/CustomCommands/Moderator/wipehistory
ModuleScript at DataModel/ServerScriptService/Commands/CommandHandler/CustomCommands/Moderator/wipehistoryServer
ModuleScript at DataModel/ServerScriptService/Commands/CommandHandler/CustomCommands/Moderator/owipehistory
ModuleScript at DataModel/ServerScriptService/Commands/CommandHandler/CustomCommands/Server Owner/announce
ModuleScript at DataModel/ServerScriptService/Commands/CommandHandler/CustomCommands/Server Owner/version
ModuleScript at DataModel/ServerScriptService/Commands/CommandHandler/CustomCommands/Server Owner/unsbanServer
ModuleScript at DataModel/ServerScriptService/Commands/CommandHandler/CustomCommands/Server Owner/unsban
ModuleScript at DataModel/ServerScriptService/Commands/CommandHandler/CustomCommands/Server Owner/teleportServer
ModuleScript at DataModel/ServerScriptService/Commands/CommandHandler/CustomCommands/Server Owner/teleport
ModuleScript at DataModel/ServerScriptService/Commands/CommandHandler/CustomCommands/Server Owner/sbanServer
ModuleScript at DataModel/ServerScriptService/Commands/CommandHandler/CustomCommands/Server Owner/sban
ModuleScript at DataModel/ServerScriptService/Commands/CommandHandler/CustomCommands/Server Owner/respawnServer
ModuleScript at DataModel/ServerScriptService/Commands/CommandHandler/CustomCommands/Server Owner/respawn
ModuleScript at DataModel/ServerScriptService/Commands/CommandHandler/CustomCommands/Server Owner/help
ModuleScript at DataModel/ServerScriptService/Commands/CommandHandler/CustomCommands/Server Owner/announceServer
ModuleScript at DataModel/ServerScriptService/Commands/CommandHandler/Cmdr/BuiltInCommands/Admin/announce
ModuleScript at DataModel/ServerScriptService/Commands/CommandHandler/Cmdr/BuiltInCommands/Admin/announceServer
ModuleScript at DataModel/ServerScriptService/Commands/CommandHandler/Cmdr/BuiltInCommands/Admin/gotoPlace
ModuleScript at DataModel/ServerScriptService/Commands/CommandHandler/Cmdr/BuiltInCommands/Admin/gotoPlaceServer
ModuleScript at DataModel/ServerScriptService/Commands/CommandHandler/Cmdr/BuiltInCommands/Admin/kick
ModuleScript at DataModel/ServerScriptService/Commands/CommandHandler/Cmdr/BuiltInCommands/Admin/kickServer
ModuleScript at DataModel/ServerScriptService/Commands/CommandHandler/Cmdr/BuiltInCommands/Admin/kill
ModuleScript at DataModel/ServerScriptService/Commands/CommandHandler/Cmdr/BuiltInCommands/Admin/killServer
ModuleScript at DataModel/ServerScriptService/Commands/CommandHandler/Cmdr/BuiltInCommands/Admin/respawn
ModuleScript at DataModel/ServerScriptService/Commands/CommandHandler/Cmdr/BuiltInCommands/Admin/respawnServer
ModuleScript at DataModel/ServerScriptService/Commands/CommandHandler/Cmdr/BuiltInCommands/Admin/teleport
ModuleScript at DataModel/ServerScriptService/Commands/CommandHandler/Cmdr/BuiltInCommands/Admin/teleportServer
ModuleScript at DataModel/ServerScriptService/Commands/CommandHandler/Cmdr/BuiltInCommands/Debug/blink
ModuleScript at DataModel/ServerScriptService/Commands/CommandHandler/Cmdr/BuiltInCommands/Debug/fetch
ModuleScript at DataModel/ServerScriptService/Commands/CommandHandler/Cmdr/BuiltInCommands/Debug/fetchServer
ModuleScript at DataModel/ServerScriptService/Commands/CommandHandler/Cmdr/BuiltInCommands/Debug/getPlayerPlaceInstance
ModuleScript at DataModel/ServerScriptService/Commands/CommandHandler/Cmdr/BuiltInCommands/Debug/getPlayerPlaceInstanceServer
ModuleScript at DataModel/ServerScriptService/Commands/CommandHandler/Cmdr/BuiltInCommands/Debug/position
ModuleScript at DataModel/ServerScriptService/Commands/CommandHandler/Cmdr/BuiltInCommands/Debug/thru
ModuleScript at DataModel/ServerScriptService/Commands/CommandHandler/Cmdr/BuiltInCommands/Debug/uptime
ModuleScript at DataModel/ServerScriptService/Commands/CommandHandler/Cmdr/BuiltInCommands/Debug/uptimeServer
ModuleScript at DataModel/ServerScriptService/Commands/CommandHandler/Cmdr/BuiltInCommands/Debug/version
ModuleScript at DataModel/ServerScriptService/Commands/CommandHandler/Cmdr/BuiltInCommands/Utility/alias
ModuleScript at DataModel/ServerScriptService/Commands/CommandHandler/Cmdr/BuiltInCommands/Utility/bind
ModuleScript at DataModel/ServerScriptService/Commands/CommandHandler/Cmdr/BuiltInCommands/Utility/clear
ModuleScript at DataModel/ServerScriptService/Commands/CommandHandler/Cmdr/BuiltInCommands/Utility/convertTimestamp
ModuleScript at DataModel/ServerScriptService/Commands/CommandHandler/Cmdr/BuiltInCommands/Utility/echo
ModuleScript at DataModel/ServerScriptService/Commands/CommandHandler/Cmdr/BuiltInCommands/Utility/edit
ModuleScript at DataModel/ServerScriptService/Commands/CommandHandler/Cmdr/BuiltInCommands/Utility/history
ModuleScript at DataModel/ServerScriptService/Commands/CommandHandler/Cmdr/BuiltInCommands/Utility/hover
ModuleScript at DataModel/ServerScriptService/Commands/CommandHandler/Cmdr/BuiltInCommands/Utility/jsonArrayDecode
ModuleScript at DataModel/ServerScriptService/Commands/CommandHandler/Cmdr/BuiltInCommands/Utility/jsonArrayEncode
ModuleScript at DataModel/ServerScriptService/Commands/CommandHandler/Cmdr/BuiltInCommands/Utility/len
ModuleScript at DataModel/ServerScriptService/Commands/CommandHandler/Cmdr/BuiltInCommands/Utility/math
ModuleScript at DataModel/ServerScriptService/Commands/CommandHandler/Cmdr/BuiltInCommands/Utility/pick
ModuleScript at DataModel/ServerScriptService/Commands/CommandHandler/Cmdr/BuiltInCommands/Utility/rand
ModuleScript at DataModel/ServerScriptService/Commands/CommandHandler/Cmdr/BuiltInCommands/Utility/replace
ModuleScript at DataModel/ServerScriptService/Commands/CommandHandler/Cmdr/BuiltInCommands/Utility/resolve
ModuleScript at DataModel/ServerScriptService/Commands/CommandHandler/Cmdr/BuiltInCommands/Utility/run
ModuleScript at DataModel/ServerScriptService/Commands/CommandHandler/Cmdr/BuiltInCommands/Utility/runLines
ModuleScript at DataModel/ServerScriptService/Commands/CommandHandler/Cmdr/BuiltInCommands/Utility/runif
ModuleScript at DataModel/ServerScriptService/Commands/CommandHandler/Cmdr/BuiltInCommands/Utility/unbind
ModuleScript at DataModel/ServerScriptService/Commands/CommandHandler/Cmdr/BuiltInCommands/Utility/var
ModuleScript at DataModel/ServerScriptService/Commands/CommandHandler/Cmdr/BuiltInCommands/Utility/varServer
ModuleScript at DataModel/ServerScriptService/Commands/CommandHandler/Cmdr/BuiltInCommands/Utility/varSet
ModuleScript at DataModel/ServerScriptService/Commands/CommandHandler/Cmdr/BuiltInCommands/Utility/varSetServer
ModuleScript at DataModel/ServerScriptService/Commands/CommandHandler/Cmdr/BuiltInCommands/help
ModuleScript at DataModel/ServerScriptService/Commands/CommandHandler/Cmdr/BuiltInTypes/BindableResource
ModuleScript at DataModel/ServerScriptService/Commands/CommandHandler/Cmdr/BuiltInTypes/BrickColor
ModuleScript at DataModel/ServerScriptService/Commands/CommandHandler/Cmdr/BuiltInTypes/Color3
ModuleScript at DataModel/ServerScriptService/Commands/CommandHandler/Cmdr/BuiltInTypes/Command
ModuleScript at DataModel/ServerScriptService/Commands/CommandHandler/Cmdr/BuiltInTypes/ConditionFunction
ModuleScript at DataModel/ServerScriptService/Commands/CommandHandler/Cmdr/BuiltInTypes/Duration
ModuleScript at DataModel/ServerScriptService/Commands/CommandHandler/Cmdr/BuiltInTypes/JSON
ModuleScript at DataModel/ServerScriptService/Commands/CommandHandler/Cmdr/BuiltInTypes/MathOperator
ModuleScript at DataModel/ServerScriptService/Commands/CommandHandler/Cmdr/BuiltInTypes/Player
ModuleScript at DataModel/ServerScriptService/Commands/CommandHandler/Cmdr/BuiltInTypes/PlayerId
ModuleScript at DataModel/ServerScriptService/Commands/CommandHandler/Cmdr/BuiltInTypes/Primitives
ModuleScript at DataModel/ServerScriptService/Commands/CommandHandler/Cmdr/BuiltInTypes/StoredKey
ModuleScript at DataModel/ServerScriptService/Commands/CommandHandler/Cmdr/BuiltInTypes/Team
ModuleScript at DataModel/ServerScriptService/Commands/CommandHandler/Cmdr/BuiltInTypes/Type
ModuleScript at DataModel/ServerScriptService/Commands/CommandHandler/Cmdr/BuiltInTypes/URL
ModuleScript at DataModel/ServerScriptService/Commands/CommandHandler/Cmdr/BuiltInTypes/UserInput
ModuleScript at DataModel/ServerScriptService/Commands/CommandHandler/Cmdr/BuiltInTypes/Vector
ModuleScript at DataModel/ServerScriptService/Commands/CommandHandler/Cmdr/CmdrClient/CmdrInterface/AutoComplete
ModuleScript at DataModel/ServerScriptService/Commands/CommandHandler/Cmdr/CmdrClient/CmdrInterface/Window
ModuleScript at DataModel/ServerScriptService/Commands/CommandHandler/Cmdr/CmdrClient/CmdrInterface
ModuleScript at DataModel/ServerScriptService/Commands/CommandHandler/Cmdr/CmdrClient/DefaultEventHandlers
ModuleScript at DataModel/ServerScriptService/Commands/CommandHandler/Cmdr/CmdrClient
ModuleScript at DataModel/ServerScriptService/Commands/CommandHandler/Cmdr/CreateGui
ModuleScript at DataModel/ServerScriptService/Commands/CommandHandler/Cmdr/Initialize
ModuleScript at DataModel/ServerScriptService/Commands/CommandHandler/Cmdr/Shared/Argument
ModuleScript at DataModel/ServerScriptService/Commands/CommandHandler/Cmdr/Shared/Command
ModuleScript at DataModel/ServerScriptService/Commands/CommandHandler/Cmdr/Shared/Dispatcher
ModuleScript at DataModel/ServerScriptService/Commands/CommandHandler/Cmdr/Shared/Registry
ModuleScript at DataModel/ServerScriptService/Commands/CommandHandler/Cmdr/Shared/Util
ModuleScript at DataModel/ServerScriptService/Commands/CommandHandler/Cmdr
Script at DataModel/ServerScriptService/Commands/CommandHandler
Script at DataModel/ServerScriptService/Environment/GameManager/SevensAndCherriesCore
Script at DataModel/ServerScriptService/Environment/GameManager/GreenHotCore
Script at DataModel/ServerScriptService/Environment/GameManager/GoldenEggCore
Script at DataModel/ServerScriptService/Environment/GameManager/OkamiSlotsCore
LocalScript at DataModel/ServerScriptService/Environment/GameManager/RouletteCore/Roulette/RouletteLocalCore
LocalScript at DataModel/ServerScriptService/Environment/GameManager/RouletteCore/Roulette/Backing/Bet/Scripts/ExtendTextButtonLocalScript
LocalScript at DataModel/ServerScriptService/Environment/GameManager/RouletteCore/Roulette/Backing/Cancel/Scripts/ExtendTextButtonLocalScript
Script at DataModel/ServerScriptService/Environment/GameManager/RouletteCore
LocalScript at DataModel/ServerScriptService/Environment/GameManager/HorseRacingCore/HorseRacing/HorseRacingLocalCore
Script at DataModel/ServerScriptService/Environment/GameManager/HorseRacingCore
Script at DataModel/ServerScriptService/Environment/GameManager/BlackjackCore/Voicelines
LocalScript at DataModel/ServerScriptService/Environment/GameManager/BlackjackCore/Blackjack/Backing/Bet/Scripts/ExtendTextButtonLocalScript
LocalScript at DataModel/ServerScriptService/Environment/GameManager/BlackjackCore/Blackjack/Backing/Stand/Scripts/ExtendTextButtonLocalScript
LocalScript at DataModel/ServerScriptService/Environment/GameManager/BlackjackCore/Blackjack/Backing/Hit/Scripts/ExtendTextButtonLocalScript
LocalScript at DataModel/ServerScriptService/Environment/GameManager/BlackjackCore/Blackjack/Backing/DoubleDown/Scripts/ExtendTextButtonLocalScript
LocalScript at DataModel/ServerScriptService/Environment/GameManager/BlackjackCore/Blackjack/Backing/Split/Scripts/ExtendTextButtonLocalScript
LocalScript at DataModel/ServerScriptService/Environment/GameManager/BlackjackCore/Blackjack/BlackjackLocalCore
Script at DataModel/ServerScriptService/Environment/GameManager/BlackjackCore
Script at DataModel/ServerScriptService/Environment/GameManager/ThreeCardPokerCore/Voicelines
LocalScript at DataModel/ServerScriptService/Environment/GameManager/ThreeCardPokerCore/ThreeCardPoker/ThreeCardPokerLocalCore
LocalScript at DataModel/ServerScriptService/Environment/GameManager/ThreeCardPokerCore/ThreeCardPoker/Backing/Play/Scripts/ExtendTextButtonLocalScript
LocalScript at DataModel/ServerScriptService/Environment/GameManager/ThreeCardPokerCore/ThreeCardPoker/Backing/Fold/Scripts/ExtendTextButtonLocalScript
LocalScript at DataModel/ServerScriptService/Environment/GameManager/ThreeCardPokerCore/ThreeCardPoker/Backing/Bet/Scripts/ExtendTextButtonLocalScript
Script at DataModel/ServerScriptService/Environment/GameManager/ThreeCardPokerCore
LocalScript at DataModel/ServerScriptService/Environment/GameManager/BigWheelCore/BigWheel/BigSixWheelLocalCore
Script at DataModel/ServerScriptService/Environment/GameManager/BigWheelCore
Script at DataModel/ServerScriptService/Environment/GameManager/BaccaratCore/Voicelines
LocalScript at DataModel/ServerScriptService/Environment/GameManager/BaccaratCore/Baccarat/BaccaratLocalCore
LocalScript at DataModel/ServerScriptService/Environment/GameManager/BaccaratCore/Baccarat/Backing/Clear/Scripts/ExtendTextButtonLocalScript
LocalScript at DataModel/ServerScriptService/Environment/GameManager/BaccaratCore/Baccarat/Backing/Bet/Scripts/ExtendTextButtonLocalScript
Script at DataModel/ServerScriptService/Environment/GameManager/BaccaratCore
ModuleScript at DataModel/ServerScriptService/Environment/GameManager/TexasHoldemCore/Card
ModuleScript at DataModel/ServerScriptService/Environment/GameManager/TexasHoldemCore/Lookup
ModuleScript at DataModel/ServerScriptService/Environment/GameManager/TexasHoldemCore/Analysis
ModuleScript at DataModel/ServerScriptService/Environment/GameManager/TexasHoldemCore/Prob
ModuleScript at DataModel/ServerScriptService/Environment/GameManager/TexasHoldemCore/Underscore
ModuleScript at DataModel/ServerScriptService/Environment/GameManager/TexasHoldemCore/Bitop
Script at DataModel/ServerScriptService/Environment/GameManager/TexasHoldemCore/Voicelines
LocalScript at DataModel/ServerScriptService/Environment/GameManager/TexasHoldemCore/TexasHoldem/TexasHoldemLocalCore
LocalScript at DataModel/ServerScriptService/Environment/GameManager/TexasHoldemCore/TexasHoldem/Backing/Bet/Scripts/ExtendTextButtonLocalScript
LocalScript at DataModel/ServerScriptService/Environment/GameManager/TexasHoldemCore/TexasHoldem/Backing/Raise/Scripts/ExtendTextButtonLocalScript
LocalScript at DataModel/ServerScriptService/Environment/GameManager/TexasHoldemCore/TexasHoldem/Backing/Call/Scripts/ExtendTextButtonLocalScript
LocalScript at DataModel/ServerScriptService/Environment/GameManager/TexasHoldemCore/TexasHoldem/Backing/Check/Scripts/ExtendTextButtonLocalScript
LocalScript at DataModel/ServerScriptService/Environment/GameManager/TexasHoldemCore/TexasHoldem/Backing/Fold/Scripts/ExtendTextButtonLocalScript
Script at DataModel/ServerScriptService/Environment/GameManager/TexasHoldemCore
ModuleScript at DataModel/ServerScriptService/Environment/GameManager/TournamentHoldemCore/Card
ModuleScript at DataModel/ServerScriptService/Environment/GameManager/TournamentHoldemCore/Lookup
ModuleScript at DataModel/ServerScriptService/Environment/GameManager/TournamentHoldemCore/Analysis
ModuleScript at DataModel/ServerScriptService/Environment/GameManager/TournamentHoldemCore/Prob
ModuleScript at DataModel/ServerScriptService/Environment/GameManager/TournamentHoldemCore/Underscore
ModuleScript at DataModel/ServerScriptService/Environment/GameManager/TournamentHoldemCore/Bitop
Script at DataModel/ServerScriptService/Environment/GameManager/TournamentHoldemCore/Voicelines
LocalScript at DataModel/ServerScriptService/Environment/GameManager/TournamentHoldemCore/TournamentHoldem/Backing/Bet/Scripts/ExtendTextButtonLocalScript
LocalScript at DataModel/ServerScriptService/Environment/GameManager/TournamentHoldemCore/TournamentHoldem/Backing/Raise/Scripts/ExtendTextButtonLocalScript
LocalScript at DataModel/ServerScriptService/Environment/GameManager/TournamentHoldemCore/TournamentHoldem/Backing/Call/Scripts/ExtendTextButtonLocalScript
LocalScript at DataModel/ServerScriptService/Environment/GameManager/TournamentHoldemCore/TournamentHoldem/Backing/Check/Scripts/ExtendTextButtonLocalScript
LocalScript at DataModel/ServerScriptService/Environment/GameManager/TournamentHoldemCore/TournamentHoldem/Backing/Fold/Scripts/ExtendTextButtonLocalScript
LocalScript at DataModel/ServerScriptService/Environment/GameManager/TournamentHoldemCore/TournamentHoldem/TexasHoldemLocalCore
Script at DataModel/ServerScriptService/Environment/GameManager/TournamentHoldemCore
Script at DataModel/ServerScriptService/Environment/GameManager/SuiteCore
LocalScript at DataModel/ServerScriptService/Environment/GameManager/CashWheelCore/CashWheel/CashWheelLocalCore
Script at DataModel/ServerScriptService/Environment/GameManager/CashWheelCore
Script at DataModel/ServerScriptService/Environment/GameManager/ToggleBreaktime
LocalScript at DataModel/ServerScriptService/Environment/GameManager/PlinkoCore/Plinko/Backing/Cancel/Scripts/ExtendTextButtonLocalScript
LocalScript at DataModel/ServerScriptService/Environment/GameManager/PlinkoCore/Plinko/Backing/MoveRight/Scripts/ExtendTextButtonLocalScript
LocalScript at DataModel/ServerScriptService/Environment/GameManager/PlinkoCore/Plinko/Backing/MoveLeft/Scripts/ExtendTextButtonLocalScript
LocalScript at DataModel/ServerScriptService/Environment/GameManager/PlinkoCore/Plinko/Backing/Place/Scripts/ExtendTextButtonLocalScript
LocalScript at DataModel/ServerScriptService/Environment/GameManager/PlinkoCore/Plinko/PlinkoLocalCore
Script at DataModel/ServerScriptService/Environment/GameManager/PlinkoCore
Script at DataModel/ServerScriptService/Environment/GameManager/CatalogHavenCore
Script at DataModel/ServerScriptService/Environment/GameManager
Script at DataModel/ServerScriptService/Environment/NPCs/PlayGame
Script at DataModel/ServerScriptService/Environment/NPCs
Script at DataModel/ServerScriptService/Player/PlayerManager
Script at DataModel/ServerScriptService/Player/Leaderboards
ModuleScript at DataModel/ServerScriptService/Player/NexusVRCharacterModelLoader/MainModule/NexusVRCharacterModel/Api
ModuleScript at DataModel/ServerScriptService/Player/NexusVRCharacterModelLoader/MainModule/NexusVRCharacterModel/Character/Appendage
ModuleScript at DataModel/ServerScriptService/Player/NexusVRCharacterModelLoader/MainModule/NexusVRCharacterModel/Character/Camera/CommonCamera
ModuleScript at DataModel/ServerScriptService/Player/NexusVRCharacterModelLoader/MainModule/NexusVRCharacterModel/Character/Camera/DefaultCamera
ModuleScript at DataModel/ServerScriptService/Player/NexusVRCharacterModelLoader/MainModule/NexusVRCharacterModel/Character/Camera/ThirdPersonTrackCamera
ModuleScript at DataModel/ServerScriptService/Player/NexusVRCharacterModelLoader/MainModule/NexusVRCharacterModel/Character/Controller/BaseController
ModuleScript at DataModel/ServerScriptService/Player/NexusVRCharacterModelLoader/MainModule/NexusVRCharacterModel/Character/Controller/SmoothLocomotionController
ModuleScript at DataModel/ServerScriptService/Player/NexusVRCharacterModelLoader/MainModule/NexusVRCharacterModel/Character/Controller/TeleportController
ModuleScript at DataModel/ServerScriptService/Player/NexusVRCharacterModelLoader/MainModule/NexusVRCharacterModel/Character/Controller/Visual/Arc
ModuleScript at DataModel/ServerScriptService/Player/NexusVRCharacterModelLoader/MainModule/NexusVRCharacterModel/Character/Controller/Visual/ArcWithBeacon
ModuleScript at DataModel/ServerScriptService/Player/NexusVRCharacterModelLoader/MainModule/NexusVRCharacterModel/Character/Controller/Visual/Beacon
ModuleScript at DataModel/ServerScriptService/Player/NexusVRCharacterModelLoader/MainModule/NexusVRCharacterModel/Character/FootPlanter
ModuleScript at DataModel/ServerScriptService/Player/NexusVRCharacterModelLoader/MainModule/NexusVRCharacterModel/Character/Head
ModuleScript at DataModel/ServerScriptService/Player/NexusVRCharacterModelLoader/MainModule/NexusVRCharacterModel/Character/Torso
ModuleScript at DataModel/ServerScriptService/Player/NexusVRCharacterModelLoader/MainModule/NexusVRCharacterModel/Character
LocalScript at DataModel/ServerScriptService/Player/NexusVRCharacterModelLoader/MainModule/NexusVRCharacterModel/NexusVRCharacterModelClientLoader
ModuleScript at DataModel/ServerScriptService/Player/NexusVRCharacterModelLoader/MainModule/NexusVRCharacterModel/State/CameraService
ModuleScript at DataModel/ServerScriptService/Player/NexusVRCharacterModelLoader/MainModule/NexusVRCharacterModel/State/CharacterService
ModuleScript at DataModel/ServerScriptService/Player/NexusVRCharacterModelLoader/MainModule/NexusVRCharacterModel/State/ControlService
ModuleScript at DataModel/ServerScriptService/Player/NexusVRCharacterModelLoader/MainModule/NexusVRCharacterModel/State/DefaultCursorService
ModuleScript at DataModel/ServerScriptService/Player/NexusVRCharacterModelLoader/MainModule/NexusVRCharacterModel/State/RateLimiter
ModuleScript at DataModel/ServerScriptService/Player/NexusVRCharacterModelLoader/MainModule/NexusVRCharacterModel/State/Settings
ModuleScript at DataModel/ServerScriptService/Player/NexusVRCharacterModelLoader/MainModule/NexusVRCharacterModel/State/VRInputService
ModuleScript at DataModel/ServerScriptService/Player/NexusVRCharacterModelLoader/MainModule/NexusVRCharacterModel/UI/MainMenu
ModuleScript at DataModel/ServerScriptService/Player/NexusVRCharacterModelLoader/MainModule/NexusVRCharacterModel/UI/R6Message
ModuleScript at DataModel/ServerScriptService/Player/NexusVRCharacterModelLoader/MainModule/NexusVRCharacterModel/UI/View/ApiBaseView
ModuleScript at DataModel/ServerScriptService/Player/NexusVRCharacterModelLoader/MainModule/NexusVRCharacterModel/UI/View/ChatView
ModuleScript at DataModel/ServerScriptService/Player/NexusVRCharacterModelLoader/MainModule/NexusVRCharacterModel/UI/View/SettingsView
ModuleScript at DataModel/ServerScriptService/Player/NexusVRCharacterModelLoader/MainModule/NexusVRCharacterModel/Util/FindCollidablePartOnRay
ModuleScript at DataModel/ServerScriptService/Player/NexusVRCharacterModelLoader/MainModule/NexusVRCharacterModel/Util/Warnings
ModuleScript at DataModel/ServerScriptService/Player/NexusVRCharacterModelLoader/MainModule/NexusVRCharacterModel/NexusAppendage/Appendage
ModuleScript at DataModel/ServerScriptService/Player/NexusVRCharacterModelLoader/MainModule/NexusVRCharacterModel/NexusAppendage/Limb
ModuleScript at DataModel/ServerScriptService/Player/NexusVRCharacterModelLoader/MainModule/NexusVRCharacterModel/NexusButton/ControllerIcon
ModuleScript at DataModel/ServerScriptService/Player/NexusVRCharacterModelLoader/MainModule/NexusVRCharacterModel/NexusButton/Factory/ButtonFactory
ModuleScript at DataModel/ServerScriptService/Player/NexusVRCharacterModelLoader/MainModule/NexusVRCharacterModel/NexusButton/Factory/TextButtonFactory
ModuleScript at DataModel/ServerScriptService/Player/NexusVRCharacterModelLoader/MainModule/NexusVRCharacterModel/NexusButton/ThemedFrame
ModuleScript at DataModel/ServerScriptService/Player/NexusVRCharacterModelLoader/MainModule/NexusVRCharacterModel/NexusButton/NexusWrappedInstance/NexusInstance/Event/NexusConnection
ModuleScript at DataModel/ServerScriptService/Player/NexusVRCharacterModelLoader/MainModule/NexusVRCharacterModel/NexusButton/NexusWrappedInstance/NexusInstance/Event/NexusEvent
ModuleScript at DataModel/ServerScriptService/Player/NexusVRCharacterModelLoader/MainModule/NexusVRCharacterModel/NexusButton/NexusWrappedInstance/NexusInstance/NexusInstance
ModuleScript at DataModel/ServerScriptService/Player/NexusVRCharacterModelLoader/MainModule/NexusVRCharacterModel/NexusButton/NexusWrappedInstance/NexusInstance/NexusObject
ModuleScript at DataModel/ServerScriptService/Player/NexusVRCharacterModelLoader/MainModule/NexusVRCharacterModel/NexusButton/NexusWrappedInstance/NexusInstance/PropertyValidator/TypePropertyValidator
ModuleScript at DataModel/ServerScriptService/Player/NexusVRCharacterModelLoader/MainModule/NexusVRCharacterModel/NexusButton/NexusWrappedInstance
ModuleScript at DataModel/ServerScriptService/Player/NexusVRCharacterModelLoader/MainModule/NexusVRCharacterModel/NexusButton
ModuleScript at DataModel/ServerScriptService/Player/NexusVRCharacterModelLoader/MainModule/NexusVRCharacterModel/NexusInstance/Event/NexusConnection
ModuleScript at DataModel/ServerScriptService/Player/NexusVRCharacterModelLoader/MainModule/NexusVRCharacterModel/NexusInstance/Event/NexusEvent
ModuleScript at DataModel/ServerScriptService/Player/NexusVRCharacterModelLoader/MainModule/NexusVRCharacterModel/NexusInstance/NexusInstance
ModuleScript at DataModel/ServerScriptService/Player/NexusVRCharacterModelLoader/MainModule/NexusVRCharacterModel/NexusInstance/NexusObject
ModuleScript at DataModel/ServerScriptService/Player/NexusVRCharacterModelLoader/MainModule/NexusVRCharacterModel/NexusInstance/PropertyValidator/TypePropertyValidator
ModuleScript at DataModel/ServerScriptService/Player/NexusVRCharacterModelLoader/MainModule/NexusVRCharacterModel/NexusVRCore/Container/BaseScreenGui
ModuleScript at DataModel/ServerScriptService/Player/NexusVRCharacterModelLoader/MainModule/NexusVRCharacterModel/NexusVRCore/Container/ScreenGui
ModuleScript at DataModel/ServerScriptService/Player/NexusVRCharacterModelLoader/MainModule/NexusVRCharacterModel/NexusVRCore/Container/ScreenGui2D
ModuleScript at DataModel/ServerScriptService/Player/NexusVRCharacterModelLoader/MainModule/NexusVRCharacterModel/NexusVRCore/Container/ScreenGui3D
ModuleScript at DataModel/ServerScriptService/Player/NexusVRCharacterModelLoader/MainModule/NexusVRCharacterModel/NexusVRCore/Utility/PartUtility
ModuleScript at DataModel/ServerScriptService/Player/NexusVRCharacterModelLoader/MainModule/NexusVRCharacterModel/NexusVRCore/NexusInstance/Event/NexusConnection
ModuleScript at DataModel/ServerScriptService/Player/NexusVRCharacterModelLoader/MainModule/NexusVRCharacterModel/NexusVRCore/NexusInstance/Event/NexusEvent
ModuleScript at DataModel/ServerScriptService/Player/NexusVRCharacterModelLoader/MainModule/NexusVRCharacterModel/NexusVRCore/NexusInstance/NexusInstance
ModuleScript at DataModel/ServerScriptService/Player/NexusVRCharacterModelLoader/MainModule/NexusVRCharacterModel/NexusVRCore/NexusInstance/NexusObject
ModuleScript at DataModel/ServerScriptService/Player/NexusVRCharacterModelLoader/MainModule/NexusVRCharacterModel/NexusVRCore/NexusInstance/PropertyValidator/TypePropertyValidator
ModuleScript at DataModel/ServerScriptService/Player/NexusVRCharacterModelLoader/MainModule/NexusVRCharacterModel/NexusVRCore
ModuleScript at DataModel/ServerScriptService/Player/NexusVRCharacterModelLoader/MainModule/NexusVRCharacterModel
ModuleScript at DataModel/ServerScriptService/Player/NexusVRCharacterModelLoader/MainModule
Script at DataModel/ServerScriptService/Player/NexusVRCharacterModelLoader
Script at DataModel/ServerScriptService/Player/ProductProcess
ModuleScript at DataModel/ServerScriptService/Player/PlayersListPlus/Server
Script at DataModel/ServerScriptService/Player/PlayersListPlus
ModuleScript at DataModel/ServerScriptService/BetterChat V3/Config/Loader/oldsrc/core/constructors/speaker
ModuleScript at DataModel/ServerScriptService/BetterChat V3/Config/Loader/oldsrc/core/constructors/channel
ModuleScript at DataModel/ServerScriptService/BetterChat V3/Config/Loader/oldsrc/core/constructors/message
ModuleScript at DataModel/ServerScriptService/BetterChat V3/Config/Loader/oldsrc/core/rateLimit
ModuleScript at DataModel/ServerScriptService/BetterChat V3/Config/Loader/oldsrc/core/permission
ModuleScript at DataModel/ServerScriptService/BetterChat V3/Config/Loader/oldsrc/core/services/marketplace
ModuleScript at DataModel/ServerScriptService/BetterChat V3/Config/Loader/oldsrc/core/services/profile
ModuleScript at DataModel/ServerScriptService/BetterChat V3/Config/Loader/oldsrc/core/api
ModuleScript at DataModel/ServerScriptService/BetterChat V3/Config/Loader/oldsrc/core/filter
ModuleScript at DataModel/ServerScriptService/BetterChat V3/Config/Loader/oldsrc/core/utility/main
LocalScript at DataModel/ServerScriptService/BetterChat V3/Config/Loader/oldsrc/core/utility/dependencies/chatInstaller
ModuleScript at DataModel/ServerScriptService/BetterChat V3/Config/Loader/oldsrc/core/utility/dependencies/extract
ModuleScript at DataModel/ServerScriptService/BetterChat V3/Config/Loader/oldsrc/shared/network
ModuleScript at DataModel/ServerScriptService/BetterChat V3/Config/Loader/oldsrc/shared/events/_placeholder
ModuleScript at DataModel/ServerScriptService/BetterChat V3/Config/Loader/oldsrc/shared/addons/_placeholder
ModuleScript at DataModel/ServerScriptService/BetterChat V3/Config/Loader/oldsrc/shared/loading/_placeholder
ModuleScript at DataModel/ServerScriptService/BetterChat V3/Config/Loader/oldsrc/shared/signal
ModuleScript at DataModel/ServerScriptService/BetterChat V3/Config/Loader/oldsrc/shared/wrap
ModuleScript at DataModel/ServerScriptService/BetterChat V3/Config/Loader/oldsrc/shared/formatting/richText
ModuleScript at DataModel/ServerScriptService/BetterChat V3/Config/Loader/oldsrc/shared/formatting/markdown
ModuleScript at DataModel/ServerScriptService/BetterChat V3/Config/Loader/oldsrc/shared/formatting/color
ModuleScript at DataModel/ServerScriptService/BetterChat V3/Config/Loader/oldsrc/shared/xml
LocalScript at DataModel/ServerScriptService/BetterChat V3/Config/Loader/oldsrc/client/load
ModuleScript at DataModel/ServerScriptService/BetterChat V3/Config/Loader/oldsrc/client/modules/core/connections
ModuleScript at DataModel/ServerScriptService/BetterChat V3/Config/Loader/oldsrc/client/modules/core/utility
ModuleScript at DataModel/ServerScriptService/BetterChat V3/Config/Loader/oldsrc/client/modules/core/localization
ModuleScript at DataModel/ServerScriptService/BetterChat V3/Config/Loader/oldsrc/client/modules/core/messages/system
ModuleScript at DataModel/ServerScriptService/BetterChat V3/Config/Loader/oldsrc/client/modules/core/messages/templates/regular
ModuleScript at DataModel/ServerScriptService/BetterChat V3/Config/Loader/oldsrc/client/modules/core/messages/templates/reply
ModuleScript at DataModel/ServerScriptService/BetterChat V3/Config/Loader/oldsrc/client/modules/core/messages/default
ModuleScript at DataModel/ServerScriptService/BetterChat V3/Config/Loader/oldsrc/client/modules/core/messages/reply
ModuleScript at DataModel/ServerScriptService/BetterChat V3/Config/Loader/oldsrc/client/modules/core/messages/util/functions
ModuleScript at DataModel/ServerScriptService/BetterChat V3/Config/Loader/oldsrc/client/modules/core/messages/util/prompt
ModuleScript at DataModel/ServerScriptService/BetterChat V3/Config/Loader/oldsrc/client/modules/core/messages/util/lineDetector
ModuleScript at DataModel/ServerScriptService/BetterChat V3/Config/Loader/oldsrc/client/modules/core/messages/util/spritesheet
ModuleScript at DataModel/ServerScriptService/BetterChat V3/Config/Loader/oldsrc/client/modules/core/commands/list/console
ModuleScript at DataModel/ServerScriptService/BetterChat V3/Config/Loader/oldsrc/client/modules/core/commands/list/dance
ModuleScript at DataModel/ServerScriptService/BetterChat V3/Config/Loader/oldsrc/client/modules/core/commands/list/customEmojis
ModuleScript at DataModel/ServerScriptService/BetterChat V3/Config/Loader/oldsrc/client/modules/core/commands/list/mute
ModuleScript at DataModel/ServerScriptService/BetterChat V3/Config/Loader/oldsrc/client/modules/core/commands/list/unmute
ModuleScript at DataModel/ServerScriptService/BetterChat V3/Config/Loader/oldsrc/client/modules/core/commands/list/settings
ModuleScript at DataModel/ServerScriptService/BetterChat V3/Config/Loader/oldsrc/client/modules/core/commands/list/help
ModuleScript at DataModel/ServerScriptService/BetterChat V3/Config/Loader/oldsrc/client/modules/core/commands/processor
ModuleScript at DataModel/ServerScriptService/BetterChat V3/Config/Loader/oldsrc/client/modules/core/constructors/slider
ModuleScript at DataModel/ServerScriptService/BetterChat V3/Config/Loader/oldsrc/client/modules/core/constructors/toggle
ModuleScript at DataModel/ServerScriptService/BetterChat V3/Config/Loader/oldsrc/client/modules/core/constructors/dropdown
ModuleScript at DataModel/ServerScriptService/BetterChat V3/Config/Loader/oldsrc/client/modules/core/constructors/quickChatDropdown
ModuleScript at DataModel/ServerScriptService/BetterChat V3/Config/Loader/oldsrc/client/modules/core/constructors/buildViewport
ModuleScript at DataModel/ServerScriptService/BetterChat V3/Config/Loader/oldsrc/client/modules/core/constructors/util/zlib
ModuleScript at DataModel/ServerScriptService/BetterChat V3/Config/Loader/oldsrc/client/modules/core/constructors/util/main
ModuleScript at DataModel/ServerScriptService/BetterChat V3/Config/Loader/oldsrc/client/modules/core/constructors/util/slider
ModuleScript at DataModel/ServerScriptService/BetterChat V3/Config/Loader/oldsrc/client/modules/core/constructors/colorPicker
ModuleScript at DataModel/ServerScriptService/BetterChat V3/Config/Loader/oldsrc/client/modules/core/constructors/helpDropdown
ModuleScript at DataModel/ServerScriptService/BetterChat V3/Config/Loader/oldsrc/client/modules/core/settingsMenu
ModuleScript at DataModel/ServerScriptService/BetterChat V3/Config/Loader/oldsrc/client/modules/core/chat
ModuleScript at DataModel/ServerScriptService/BetterChat V3/Config/Loader/oldsrc/client/modules/core/api
ModuleScript at DataModel/ServerScriptService/BetterChat V3/Config/Loader/oldsrc/client/modules/core/topbarPlus/icons
ModuleScript at DataModel/ServerScriptService/BetterChat V3/Config/Loader/oldsrc/client/modules/core/topbarPlus/TopbarPlus/Icon
ModuleScript at DataModel/ServerScriptService/BetterChat V3/Config/Loader/oldsrc/client/modules/core/topbarPlus/TopbarPlus/Dependencies/Elements/Caption
ModuleScript at DataModel/ServerScriptService/BetterChat V3/Config/Loader/oldsrc/client/modules/core/topbarPlus/TopbarPlus/Dependencies/Elements/Container
ModuleScript at DataModel/ServerScriptService/BetterChat V3/Config/Loader/oldsrc/client/modules/core/topbarPlus/TopbarPlus/Dependencies/Elements/Dropdown
ModuleScript at DataModel/ServerScriptService/BetterChat V3/Config/Loader/oldsrc/client/modules/core/topbarPlus/TopbarPlus/Dependencies/Elements/Indicator
ModuleScript at DataModel/ServerScriptService/BetterChat V3/Config/Loader/oldsrc/client/modules/core/topbarPlus/TopbarPlus/Dependencies/Elements/Menu
ModuleScript at DataModel/ServerScriptService/BetterChat V3/Config/Loader/oldsrc/client/modules/core/topbarPlus/TopbarPlus/Dependencies/Elements/Selection
ModuleScript at DataModel/ServerScriptService/BetterChat V3/Config/Loader/oldsrc/client/modules/core/topbarPlus/TopbarPlus/Dependencies/Elements/Widget
ModuleScript at DataModel/ServerScriptService/BetterChat V3/Config/Loader/oldsrc/client/modules/core/topbarPlus/TopbarPlus/Dependencies/Elements/Notice
ModuleScript at DataModel/ServerScriptService/BetterChat V3/Config/Loader/oldsrc/client/modules/core/topbarPlus/TopbarPlus/Dependencies/Features/Gamepad
ModuleScript at DataModel/ServerScriptService/BetterChat V3/Config/Loader/oldsrc/client/modules/core/topbarPlus/TopbarPlus/Dependencies/Features/Overflow
ModuleScript at DataModel/ServerScriptService/BetterChat V3/Config/Loader/oldsrc/client/modules/core/topbarPlus/TopbarPlus/Dependencies/Features/Themes
ModuleScript at DataModel/ServerScriptService/BetterChat V3/Config/Loader/oldsrc/client/modules/core/topbarPlus/TopbarPlus/Dependencies/Features/ThemeModules/Classic
ModuleScript at DataModel/ServerScriptService/BetterChat V3/Config/Loader/oldsrc/client/modules/core/topbarPlus/TopbarPlus/Dependencies/Features/ThemeModules/Default
ModuleScript at DataModel/ServerScriptService/BetterChat V3/Config/Loader/oldsrc/client/modules/core/topbarPlus/TopbarPlus/Dependencies/Packages/GoodSignal
ModuleScript at DataModel/ServerScriptService/BetterChat V3/Config/Loader/oldsrc/client/modules/core/topbarPlus/TopbarPlus/Dependencies/Packages/Janitor
ModuleScript at DataModel/ServerScriptService/BetterChat V3/Config/Loader/oldsrc/client/modules/core/topbarPlus/TopbarPlus/Dependencies/Attribute
ModuleScript at DataModel/ServerScriptService/BetterChat V3/Config/Loader/oldsrc/client/modules/core/topbarPlus/TopbarPlus/Dependencies/Reference
ModuleScript at DataModel/ServerScriptService/BetterChat V3/Config/Loader/oldsrc/client/modules/core/topbarPlus/TopbarPlus/Dependencies/Utility
ModuleScript at DataModel/ServerScriptService/BetterChat V3/Config/Loader/oldsrc/client/modules/core/topbarPlus/TopbarPlus/Dependencies/VERSION
ModuleScript at DataModel/ServerScriptService/BetterChat V3/Config/Loader/oldsrc/client/modules/core/elements/channelBar
ModuleScript at DataModel/ServerScriptService/BetterChat V3/Config/Loader/oldsrc/client/modules/core/elements/chatWindow
ModuleScript at DataModel/ServerScriptService/BetterChat V3/Config/Loader/oldsrc/client/modules/core/elements/chatbar
ModuleScript at DataModel/ServerScriptService/BetterChat V3/Config/Loader/oldsrc/client/modules/core/elements/chatGui
ModuleScript at DataModel/ServerScriptService/BetterChat V3/Config/Loader/oldsrc/client/modules/core/autofill/autofills/mention
ModuleScript at DataModel/ServerScriptService/BetterChat V3/Config/Loader/oldsrc/client/modules/core/autofill/autofills/userAutofill
ModuleScript at DataModel/ServerScriptService/BetterChat V3/Config/Loader/oldsrc/client/modules/core/autofill/autofills/team
ModuleScript at DataModel/ServerScriptService/BetterChat V3/Config/Loader/oldsrc/client/modules/core/autofill/autofills/emoji
ModuleScript at DataModel/ServerScriptService/BetterChat V3/Config/Loader/oldsrc/client/modules/core/autofill/autofills/quickChatAutofill
ModuleScript at DataModel/ServerScriptService/BetterChat V3/Config/Loader/oldsrc/client/modules/core/autofill/autofill
ModuleScript at DataModel/ServerScriptService/BetterChat V3/Config/Loader/oldsrc/client/modules/core/autofill/manager
ModuleScript at DataModel/ServerScriptService/BetterChat V3/Config/Loader/oldsrc/client/modules/core/lists/emojiList
ModuleScript at DataModel/ServerScriptService/BetterChat V3/Config/Loader/oldsrc/client/modules/core/lists/localizationTable
ModuleScript at DataModel/ServerScriptService/BetterChat V3/Config/Loader/oldsrc/client/modules/core/history
ModuleScript at DataModel/ServerScriptService/BetterChat V3/Config/Loader/oldsrc/client/modules/privacy
ModuleScript at DataModel/ServerScriptService/BetterChat V3/Config/Loader/oldsrc/client/modules/bubbleChat/main
ModuleScript at DataModel/ServerScriptService/BetterChat V3/Config/Loader/oldsrc/client/modules/bubbleChat/ui
ModuleScript at DataModel/ServerScriptService/BetterChat V3/Config/Loader/oldsrc/client/modules/bubbleChat/stack
ModuleScript at DataModel/ServerScriptService/BetterChat V3/Config/Loader/oldsrc/client/modules/bubbleChat/billboard
ModuleScript at DataModel/ServerScriptService/BetterChat V3/Config/Loader/oldsrc
ModuleScript at DataModel/ServerScriptService/BetterChat V3/Config/Loader/src/core/constructors/speaker
ModuleScript at DataModel/ServerScriptService/BetterChat V3/Config/Loader/src/core/constructors/channel
ModuleScript at DataModel/ServerScriptService/BetterChat V3/Config/Loader/src/core/constructors/message
ModuleScript at DataModel/ServerScriptService/BetterChat V3/Config/Loader/src/core/rateLimit
ModuleScript at DataModel/ServerScriptService/BetterChat V3/Config/Loader/src/core/permission
ModuleScript at DataModel/ServerScriptService/BetterChat V3/Config/Loader/src/core/services/profile
ModuleScript at DataModel/ServerScriptService/BetterChat V3/Config/Loader/src/core/services/marketplace
ModuleScript at DataModel/ServerScriptService/BetterChat V3/Config/Loader/src/core/api
ModuleScript at DataModel/ServerScriptService/BetterChat V3/Config/Loader/src/core/filter
ModuleScript at DataModel/ServerScriptService/BetterChat V3/Config/Loader/src/core/utility/main
LocalScript at DataModel/ServerScriptService/BetterChat V3/Config/Loader/src/core/utility/dependencies/chatInstaller
ModuleScript at DataModel/ServerScriptService/BetterChat V3/Config/Loader/src/core/utility/dependencies/extract
ModuleScript at DataModel/ServerScriptService/BetterChat V3/Config/Loader/src/shared/network
ModuleScript at DataModel/ServerScriptService/BetterChat V3/Config/Loader/src/shared/events/_placeholder
ModuleScript at DataModel/ServerScriptService/BetterChat V3/Config/Loader/src/shared/addons/_placeholder
ModuleScript at DataModel/ServerScriptService/BetterChat V3/Config/Loader/src/shared/loading/_placeholder
ModuleScript at DataModel/ServerScriptService/BetterChat V3/Config/Loader/src/shared/signal
ModuleScript at DataModel/ServerScriptService/BetterChat V3/Config/Loader/src/shared/wrap
ModuleScript at DataModel/ServerScriptService/BetterChat V3/Config/Loader/src/shared/formatting/richText
ModuleScript at DataModel/ServerScriptService/BetterChat V3/Config/Loader/src/shared/formatting/markdown
ModuleScript at DataModel/ServerScriptService/BetterChat V3/Config/Loader/src/shared/formatting/color
ModuleScript at DataModel/ServerScriptService/BetterChat V3/Config/Loader/src/shared/xml
LocalScript at DataModel/ServerScriptService/BetterChat V3/Config/Loader/src/client/load
ModuleScript at DataModel/ServerScriptService/BetterChat V3/Config/Loader/src/client/modules/core/connections
ModuleScript at DataModel/ServerScriptService/BetterChat V3/Config/Loader/src/client/modules/core/utility
ModuleScript at DataModel/ServerScriptService/BetterChat V3/Config/Loader/src/client/modules/core/localization
ModuleScript at DataModel/ServerScriptService/BetterChat V3/Config/Loader/src/client/modules/core/messages/system
ModuleScript at DataModel/ServerScriptService/BetterChat V3/Config/Loader/src/client/modules/core/messages/templates/regular
ModuleScript at DataModel/ServerScriptService/BetterChat V3/Config/Loader/src/client/modules/core/messages/templates/reply
ModuleScript at DataModel/ServerScriptService/BetterChat V3/Config/Loader/src/client/modules/core/messages/default
ModuleScript at DataModel/ServerScriptService/BetterChat V3/Config/Loader/src/client/modules/core/messages/reply
ModuleScript at DataModel/ServerScriptService/BetterChat V3/Config/Loader/src/client/modules/core/messages/util/functions
ModuleScript at DataModel/ServerScriptService/BetterChat V3/Config/Loader/src/client/modules/core/messages/util/prompt
ModuleScript at DataModel/ServerScriptService/BetterChat V3/Config/Loader/src/client/modules/core/messages/util/lineDetector
ModuleScript at DataModel/ServerScriptService/BetterChat V3/Config/Loader/src/client/modules/core/messages/util/spritesheet
ModuleScript at DataModel/ServerScriptService/BetterChat V3/Config/Loader/src/client/modules/core/commands/list/console
ModuleScript at DataModel/ServerScriptService/BetterChat V3/Config/Loader/src/client/modules/core/commands/list/dance
ModuleScript at DataModel/ServerScriptService/BetterChat V3/Config/Loader/src/client/modules/core/commands/list/customEmojis
ModuleScript at DataModel/ServerScriptService/BetterChat V3/Config/Loader/src/client/modules/core/commands/list/mute
ModuleScript at DataModel/ServerScriptService/BetterChat V3/Config/Loader/src/client/modules/core/commands/list/unmute
ModuleScript at DataModel/ServerScriptService/BetterChat V3/Config/Loader/src/client/modules/core/commands/list/settings
ModuleScript at DataModel/ServerScriptService/BetterChat V3/Config/Loader/src/client/modules/core/commands/list/help
ModuleScript at DataModel/ServerScriptService/BetterChat V3/Config/Loader/src/client/modules/core/commands/processor
ModuleScript at DataModel/ServerScriptService/BetterChat V3/Config/Loader/src/client/modules/core/constructors/slider
ModuleScript at DataModel/ServerScriptService/BetterChat V3/Config/Loader/src/client/modules/core/constructors/toggle
ModuleScript at DataModel/ServerScriptService/BetterChat V3/Config/Loader/src/client/modules/core/constructors/dropdown
ModuleScript at DataModel/ServerScriptService/BetterChat V3/Config/Loader/src/client/modules/core/constructors/quickChatDropdown
ModuleScript at DataModel/ServerScriptService/BetterChat V3/Config/Loader/src/client/modules/core/constructors/buildViewport
ModuleScript at DataModel/ServerScriptService/BetterChat V3/Config/Loader/src/client/modules/core/constructors/util/zlib
ModuleScript at DataModel/ServerScriptService/BetterChat V3/Config/Loader/src/client/modules/core/constructors/util/main
ModuleScript at DataModel/ServerScriptService/BetterChat V3/Config/Loader/src/client/modules/core/constructors/util/slider
ModuleScript at DataModel/ServerScriptService/BetterChat V3/Config/Loader/src/client/modules/core/constructors/colorPicker
ModuleScript at DataModel/ServerScriptService/BetterChat V3/Config/Loader/src/client/modules/core/constructors/helpDropdown
ModuleScript at DataModel/ServerScriptService/BetterChat V3/Config/Loader/src/client/modules/core/settingsMenu
ModuleScript at DataModel/ServerScriptService/BetterChat V3/Config/Loader/src/client/modules/core/chat
ModuleScript at DataModel/ServerScriptService/BetterChat V3/Config/Loader/src/client/modules/core/api
ModuleScript at DataModel/ServerScriptService/BetterChat V3/Config/Loader/src/client/modules/core/topbarPlus/icons
ModuleScript at DataModel/ServerScriptService/BetterChat V3/Config/Loader/src/client/modules/core/topbarPlus/TopbarPlus/Icon
ModuleScript at DataModel/ServerScriptService/BetterChat V3/Config/Loader/src/client/modules/core/topbarPlus/TopbarPlus/Dependencies/Elements/Caption
ModuleScript at DataModel/ServerScriptService/BetterChat V3/Config/Loader/src/client/modules/core/topbarPlus/TopbarPlus/Dependencies/Elements/Container
ModuleScript at DataModel/ServerScriptService/BetterChat V3/Config/Loader/src/client/modules/core/topbarPlus/TopbarPlus/Dependencies/Elements/Dropdown
ModuleScript at DataModel/ServerScriptService/BetterChat V3/Config/Loader/src/client/modules/core/topbarPlus/TopbarPlus/Dependencies/Elements/Indicator
ModuleScript at DataModel/ServerScriptService/BetterChat V3/Config/Loader/src/client/modules/core/topbarPlus/TopbarPlus/Dependencies/Elements/Menu
ModuleScript at DataModel/ServerScriptService/BetterChat V3/Config/Loader/src/client/modules/core/topbarPlus/TopbarPlus/Dependencies/Elements/Selection
ModuleScript at DataModel/ServerScriptService/BetterChat V3/Config/Loader/src/client/modules/core/topbarPlus/TopbarPlus/Dependencies/Elements/Widget
ModuleScript at DataModel/ServerScriptService/BetterChat V3/Config/Loader/src/client/modules/core/topbarPlus/TopbarPlus/Dependencies/Elements/Notice
ModuleScript at DataModel/ServerScriptService/BetterChat V3/Config/Loader/src/client/modules/core/topbarPlus/TopbarPlus/Dependencies/Features/Gamepad
ModuleScript at DataModel/ServerScriptService/BetterChat V3/Config/Loader/src/client/modules/core/topbarPlus/TopbarPlus/Dependencies/Features/Overflow
ModuleScript at DataModel/ServerScriptService/BetterChat V3/Config/Loader/src/client/modules/core/topbarPlus/TopbarPlus/Dependencies/Features/Themes
ModuleScript at DataModel/ServerScriptService/BetterChat V3/Config/Loader/src/client/modules/core/topbarPlus/TopbarPlus/Dependencies/Features/ThemeModules/Classic
ModuleScript at DataModel/ServerScriptService/BetterChat V3/Config/Loader/src/client/modules/core/topbarPlus/TopbarPlus/Dependencies/Features/ThemeModules/Default
ModuleScript at DataModel/ServerScriptService/BetterChat V3/Config/Loader/src/client/modules/core/topbarPlus/TopbarPlus/Dependencies/Packages/GoodSignal
ModuleScript at DataModel/ServerScriptService/BetterChat V3/Config/Loader/src/client/modules/core/topbarPlus/TopbarPlus/Dependencies/Packages/Janitor
ModuleScript at DataModel/ServerScriptService/BetterChat V3/Config/Loader/src/client/modules/core/topbarPlus/TopbarPlus/Dependencies/Attribute
ModuleScript at DataModel/ServerScriptService/BetterChat V3/Config/Loader/src/client/modules/core/topbarPlus/TopbarPlus/Dependencies/Reference
ModuleScript at DataModel/ServerScriptService/BetterChat V3/Config/Loader/src/client/modules/core/topbarPlus/TopbarPlus/Dependencies/Utility
ModuleScript at DataModel/ServerScriptService/BetterChat V3/Config/Loader/src/client/modules/core/topbarPlus/TopbarPlus/Dependencies/VERSION
ModuleScript at DataModel/ServerScriptService/BetterChat V3/Config/Loader/src/client/modules/core/elements/channelBar
ModuleScript at DataModel/ServerScriptService/BetterChat V3/Config/Loader/src/client/modules/core/elements/chatWindow
ModuleScript at DataModel/ServerScriptService/BetterChat V3/Config/Loader/src/client/modules/core/elements/chatbar
ModuleScript at DataModel/ServerScriptService/BetterChat V3/Config/Loader/src/client/modules/core/elements/chatGui
ModuleScript at DataModel/ServerScriptService/BetterChat V3/Config/Loader/src/client/modules/core/autofill/autofills/mention
ModuleScript at DataModel/ServerScriptService/BetterChat V3/Config/Loader/src/client/modules/core/autofill/autofills/userAutofill
ModuleScript at DataModel/ServerScriptService/BetterChat V3/Config/Loader/src/client/modules/core/autofill/autofills/team
ModuleScript at DataModel/ServerScriptService/BetterChat V3/Config/Loader/src/client/modules/core/autofill/autofills/emoji
ModuleScript at DataModel/ServerScriptService/BetterChat V3/Config/Loader/src/client/modules/core/autofill/autofills/quickChatAutofill
ModuleScript at DataModel/ServerScriptService/BetterChat V3/Config/Loader/src/client/modules/core/autofill/autofill
ModuleScript at DataModel/ServerScriptService/BetterChat V3/Config/Loader/src/client/modules/core/autofill/manager
ModuleScript at DataModel/ServerScriptService/BetterChat V3/Config/Loader/src/client/modules/core/lists/emojiList
ModuleScript at DataModel/ServerScriptService/BetterChat V3/Config/Loader/src/client/modules/core/lists/localizationTable
ModuleScript at DataModel/ServerScriptService/BetterChat V3/Config/Loader/src/client/modules/core/history
ModuleScript at DataModel/ServerScriptService/BetterChat V3/Config/Loader/src/client/modules/privacy
ModuleScript at DataModel/ServerScriptService/BetterChat V3/Config/Loader/src/client/modules/bubbleChat/main
ModuleScript at DataModel/ServerScriptService/BetterChat V3/Config/Loader/src/client/modules/bubbleChat/ui
ModuleScript at DataModel/ServerScriptService/BetterChat V3/Config/Loader/src/client/modules/bubbleChat/stack
ModuleScript at DataModel/ServerScriptService/BetterChat V3/Config/Loader/src/client/modules/bubbleChat/billboard
ModuleScript at DataModel/ServerScriptService/BetterChat V3/Config/Loader/src
Script at DataModel/ServerScriptService/BetterChat V3/Config/Loader
ModuleScript at DataModel/ServerScriptService/BetterChat V3/Config
LocalScript at DataModel/ServerStorage/Modules/GameFunctions/Slots/Backing/Spin/Scripts/ExtendTextButtonLocalScript
LocalScript at DataModel/ServerStorage/Modules/GameFunctions/Slots/Backing/Cycle/Scripts/ExtendTextButtonLocalScript
LocalScript at DataModel/ServerStorage/Modules/GameFunctions/Slots/SlotsLocalCore
ModuleScript at DataModel/ServerStorage/Modules/GameFunctions
ModuleScript at DataModel/ServerStorage/Modules/CommonFunctions
ModuleScript at DataModel/ServerStorage/Modules/ProfileService/PlayerData/Template
ModuleScript at DataModel/ServerStorage/Modules/ProfileService/PlayerData/ProfileManager
ModuleScript at DataModel/ServerStorage/Modules/ProfileService
ModuleScript at DataModel/ServerStorage/Modules/RankGun/include/Promise
ModuleScript at DataModel/ServerStorage/Modules/RankGun/include/RuntimeLib
ModuleScript at DataModel/ServerStorage/Modules/RankGun
ModuleScript at DataModel/ServerStorage/Modules/NPCs
ModuleScript at DataModel/ServerStorage/Modules/AvatarImporterBrain
Script at DataModel/ServerStorage/LongTermStorage/Script
Script at DataModel/ServerStorage/LongTermStorage/SlotCalcuator
Script at DataModel/ServerStorage/LongTermStorage/Templates/GoldClubDoor/GoldClubLounge
LocalScript at DataModel/ServerStorage/LongTermStorage/Backpack/BackpackCore
Adding Files
Instruction: Adding metadata /Workspace
Executing AddToTree { name: "Workspace" }
Executing CreateFolder { folder: "Workspace" }
Instruction: Adding Folder Workspace/Map
Executing CreateFolder { folder: "Workspace\\Map" }
Executing CreateFile { filename: "Workspace\\Map\\init.meta.json" }
Instruction: Adding Folder Workspace\Map/Casino
Executing CreateFolder { folder: "Workspace\\Map\\Casino" }
Executing CreateFile { filename: "Workspace\\Map\\Casino\\init.meta.json" }
Instruction: Adding Folder Workspace\Map\Casino/Floor
Executing CreateFolder { folder: "Workspace\\Map\\Casino\\Floor" }
Executing CreateFile { filename: "Workspace\\Map\\Casino\\Floor\\init.meta.json" }
Instruction: Adding metadata Workspace\Map\Casino\Floor/Union
Executing CreateFolder { folder: "Workspace\\Map\\Casino\\Floor\\Union" }
Executing CreateFile { filename: "Workspace\\Map\\Casino\\Floor\\Union\\init.meta.json" }
Instruction: Adding Script Workspace\Map\Casino\Floor\Union/PrivateLounge
Executing CreateFile { filename: "Workspace\\Map\\Casino\\Floor\\Union\\PrivateLounge.server.luau" }
Instruction: Adding metadata Workspace\Map/TournamentArea
Executing CreateFolder { folder: "Workspace\\Map\\TournamentArea" }
Executing CreateFile { filename: "Workspace\\Map\\TournamentArea\\init.meta.json" }
Instruction: Adding Script Workspace\Map\TournamentArea/PrivateLounge
Executing CreateFile { filename: "Workspace\\Map\\TournamentArea\\PrivateLounge.server.luau" }
Instruction: Adding metadata Workspace/Model
Executing CreateFolder { folder: "Workspace\\Model" }
Executing CreateFile { filename: "Workspace\\Model\\init.meta.json" }
Instruction: Adding metadata Workspace\Model/Aligners
Executing CreateFolder { folder: "Workspace\\Model\\Aligners" }
Executing CreateFile { filename: "Workspace\\Model\\Aligners\\init.meta.json" }
Instruction: Adding Script Workspace\Model\Aligners/Script
Executing CreateFile { filename: "Workspace\\Model\\Aligners\\Script.server.luau" }
Instruction: Adding metadata Workspace\Model/Triggers
Executing CreateFolder { folder: "Workspace\\Model\\Triggers" }
Executing CreateFile { filename: "Workspace\\Model\\Triggers\\init.meta.json" }
Instruction: Adding Script Workspace\Model\Triggers/Script
Executing CreateFile { filename: "Workspace\\Model\\Triggers\\Script.server.luau" }
Instruction: Adding metadata Workspace\Model/Horses
Executing CreateFolder { folder: "Workspace\\Model\\Horses" }
Executing CreateFile { filename: "Workspace\\Model\\Horses\\init.meta.json" }
Instruction: Adding Script Workspace\Model\Horses/Script
Executing CreateFile { filename: "Workspace\\Model\\Horses\\Script.server.luau" }
Instruction: Adding metadata Workspace\Model/Stoppers
Executing CreateFolder { folder: "Workspace\\Model\\Stoppers" }
Executing CreateFile { filename: "Workspace\\Model\\Stoppers\\init.meta.json" }
Instruction: Adding Script Workspace\Model\Stoppers/Script
Executing CreateFile { filename: "Workspace\\Model\\Stoppers\\Script.server.luau" }
Instruction: Adding metadata /ReplicatedFirst
Executing AddToTree { name: "ReplicatedFirst" }
Executing CreateFolder { folder: "ReplicatedFirst" }
Instruction: Adding LocalScript ReplicatedFirst/PlayersListPlus
Executing CreateFile { filename: "ReplicatedFirst\\PlayersListPlus.client.luau" }
Adding instructions for StarterPlayer
Executing CreateFolder { folder: "StarterPlayer" }
Executing AddToTree { name: "StarterPlayer" }
Instruction: Adding metadata StarterPlayer/StarterPlayerScripts
Executing CreateFolder { folder: "StarterPlayer\\StarterPlayerScripts" }
Instruction: Adding LocalScript StarterPlayer\StarterPlayerScripts/CommandLocalHandler
Executing CreateFile { filename: "StarterPlayer\\StarterPlayerScripts\\CommandLocalHandler.client.luau" }
Instruction: Adding Folder StarterPlayer\StarterPlayerScripts/Epic UI Pack
Executing CreateFolder { folder: "StarterPlayer\\StarterPlayerScripts\\Epic UI Pack" }
Executing CreateFile { filename: "StarterPlayer\\StarterPlayerScripts\\Epic UI Pack\\init.meta.json" }
Instruction: Adding ModuleScript StarterPlayer\StarterPlayerScripts\Epic UI Pack/ExtendBarClass
Executing CreateFile { filename: "StarterPlayer\\StarterPlayerScripts\\Epic UI Pack\\ExtendBarClass.luau" }
Instruction: Adding ModuleScript StarterPlayer\StarterPlayerScripts\Epic UI Pack/ExtendGuiButtonClass
Executing CreateFile { filename: "StarterPlayer\\StarterPlayerScripts\\Epic UI Pack\\ExtendGuiButtonClass.luau" }
Instruction: Adding ModuleScript StarterPlayer\StarterPlayerScripts\Epic UI Pack/ExtendGuiObjectClass
Executing CreateFile { filename: "StarterPlayer\\StarterPlayerScripts\\Epic UI Pack\\ExtendGuiObjectClass.luau" }
Instruction: Adding ModuleScript StarterPlayer\StarterPlayerScripts\Epic UI Pack/ExtendTextLabelClass
Executing CreateFile { filename: "StarterPlayer\\StarterPlayerScripts\\Epic UI Pack\\ExtendTextLabelClass.luau" }
Instruction: Adding metadata StarterPlayer/StarterCharacterScripts
Executing CreateFolder { folder: "StarterPlayer\\StarterCharacterScripts" }
Instruction: Adding LocalScript StarterPlayer\StarterCharacterScripts/CameraFix
Executing CreateFile { filename: "StarterPlayer\\StarterCharacterScripts\\CameraFix.client.luau" }
Instruction: Adding Script StarterPlayer\StarterCharacterScripts/AwardBadge
Executing CreateFile { filename: "StarterPlayer\\StarterCharacterScripts\\AwardBadge.server.luau" }
Executing CreateFile { filename: "StarterPlayer\\StarterCharacterScripts\\AwardBadge.meta.json" }
Instruction: Adding LocalScript StarterPlayer\StarterCharacterScripts/Sprint
Executing CreateFile { filename: "StarterPlayer\\StarterCharacterScripts\\Sprint.client.luau" }
Instruction: Adding Script StarterPlayer\StarterCharacterScripts/Overhead
Executing CreateFile { filename: "StarterPlayer\\StarterCharacterScripts\\Overhead.server.luau" }
Executing CreateFile { filename: "StarterPlayer\\StarterCharacterScripts\\Overhead.meta.json" }
Instruction: Adding Script StarterPlayer\StarterCharacterScripts/Collisions
Executing CreateFile { filename: "StarterPlayer\\StarterCharacterScripts\\Collisions.server.luau" }
Instruction: Adding metadata /StarterPack
Executing AddToTree { name: "StarterPack" }
Executing CreateFolder { folder: "StarterPack" }
Instruction: Adding metadata StarterPack/GuidePamplet
Executing CreateFolder { folder: "StarterPack\\GuidePamplet" }
Executing CreateFile { filename: "StarterPack\\GuidePamplet\\init.meta.json" }
Instruction: Adding LocalScript StarterPack\GuidePamplet/PampletToolCore
Executing CreateFile { filename: "StarterPack\\GuidePamplet\\PampletToolCore.client.luau" }
Instruction: Adding metadata StarterPack/PayoutPamplet
Executing CreateFolder { folder: "StarterPack\\PayoutPamplet" }
Executing CreateFile { filename: "StarterPack\\PayoutPamplet\\init.meta.json" }
Instruction: Adding LocalScript StarterPack\PayoutPamplet/PampletToolCore
Executing CreateFile { filename: "StarterPack\\PayoutPamplet\\PampletToolCore.client.luau" }
Instruction: Adding metadata /StarterGui
Executing AddToTree { name: "StarterGui" }
Executing CreateFolder { folder: "StarterGui" }
Instruction: Adding metadata StarterGui/Game
Executing CreateFolder { folder: "StarterGui\\Game" }
Executing CreateFile { filename: "StarterGui\\Game\\init.meta.json" }
Instruction: Adding Folder StarterGui\Game/Information
Executing CreateFolder { folder: "StarterGui\\Game\\Information" }
Executing CreateFile { filename: "StarterGui\\Game\\Information\\init.meta.json" }
Instruction: Adding LocalScript StarterGui\Game\Information/ClockUpdater
Executing CreateFile { filename: "StarterGui\\Game\\Information\\ClockUpdater.client.luau" }
Instruction: Adding Folder StarterGui\Game/Leaderboard
Executing CreateFolder { folder: "StarterGui\\Game\\Leaderboard" }
Executing CreateFile { filename: "StarterGui\\Game\\Leaderboard\\init.meta.json" }
Instruction: Adding LocalScript StarterGui\Game\Leaderboard/LeaderboardScript
Executing CreateFile { filename: "StarterGui\\Game\\Leaderboard\\LeaderboardScript.client.luau" }
Instruction: Adding Folder StarterGui\Game/Announcement
Executing CreateFolder { folder: "StarterGui\\Game\\Announcement" }
Executing CreateFile { filename: "StarterGui\\Game\\Announcement\\init.meta.json" }
Instruction: Adding LocalScript StarterGui\Game\Announcement/Announcer
Executing CreateFile { filename: "StarterGui\\Game\\Announcement\\Announcer.client.luau" }
Executing CreateFile { filename: "StarterGui\\Game\\Announcement\\Announcer.meta.json" }
Instruction: Adding Folder StarterGui\Game/GuidePamplet
Executing CreateFolder { folder: "StarterGui\\Game\\GuidePamplet" }
Executing CreateFile { filename: "StarterGui\\Game\\GuidePamplet\\init.meta.json" }
Instruction: Adding metadata StarterGui\Game\GuidePamplet/Back
Executing CreateFolder { folder: "StarterGui\\Game\\GuidePamplet\\Back" }
Executing CreateFile { filename: "StarterGui\\Game\\GuidePamplet\\Back\\init.meta.json" }
Instruction: Adding Folder StarterGui\Game\GuidePamplet\Back/Scripts
Executing CreateFolder { folder: "StarterGui\\Game\\GuidePamplet\\Back\\Scripts" }
Executing CreateFile { filename: "StarterGui\\Game\\GuidePamplet\\Back\\Scripts\\init.meta.json" }
Instruction: Adding LocalScript StarterGui\Game\GuidePamplet\Back\Scripts/ExtendTextButtonLocalScript
Executing CreateFile { filename: "StarterGui\\Game\\GuidePamplet\\Back\\Scripts\\ExtendTextButtonLocalScript.client.luau" }
Instruction: Adding metadata StarterGui\Game\GuidePamplet/Forward
Executing CreateFolder { folder: "StarterGui\\Game\\GuidePamplet\\Forward" }
Executing CreateFile { filename: "StarterGui\\Game\\GuidePamplet\\Forward\\init.meta.json" }
Instruction: Adding Folder StarterGui\Game\GuidePamplet\Forward/Scripts
Executing CreateFolder { folder: "StarterGui\\Game\\GuidePamplet\\Forward\\Scripts" }
Executing CreateFile { filename: "StarterGui\\Game\\GuidePamplet\\Forward\\Scripts\\init.meta.json" }
Instruction: Adding LocalScript StarterGui\Game\GuidePamplet\Forward\Scripts/ExtendTextButtonLocalScript
Executing CreateFile { filename: "StarterGui\\Game\\GuidePamplet\\Forward\\Scripts\\ExtendTextButtonLocalScript.client.luau" }
Instruction: Adding LocalScript StarterGui\Game\GuidePamplet/PampletCore
Executing CreateFile { filename: "StarterGui\\Game\\GuidePamplet\\PampletCore.client.luau" }
Instruction: Adding Folder StarterGui\Game/Jackpots
Executing CreateFolder { folder: "StarterGui\\Game\\Jackpots" }
Executing CreateFile { filename: "StarterGui\\Game\\Jackpots\\init.meta.json" }
Instruction: Adding LocalScript StarterGui\Game\Jackpots/JackpotScript
Executing CreateFile { filename: "StarterGui\\Game\\Jackpots\\JackpotScript.client.luau" }
Instruction: Adding metadata StarterGui\Game\Jackpots/Backing
Executing CreateFolder { folder: "StarterGui\\Game\\Jackpots\\Backing" }
Executing CreateFile { filename: "StarterGui\\Game\\Jackpots\\Backing\\init.meta.json" }
Instruction: Adding metadata StarterGui\Game\Jackpots\Backing/UIGridLayout
Executing CreateFolder { folder: "StarterGui\\Game\\Jackpots\\Backing\\UIGridLayout" }
Executing CreateFile { filename: "StarterGui\\Game\\Jackpots\\Backing\\UIGridLayout\\init.meta.json" }
Instruction: Adding metadata StarterGui\Game\Jackpots\Backing\UIGridLayout/Welcome
Executing CreateFolder { folder: "StarterGui\\Game\\Jackpots\\Backing\\UIGridLayout\\Welcome" }
Executing CreateFile { filename: "StarterGui\\Game\\Jackpots\\Backing\\UIGridLayout\\Welcome\\init.meta.json" }
Instruction: Adding Folder StarterGui\Game\Jackpots\Backing\UIGridLayout\Welcome/Scripts
Executing CreateFolder { folder: "StarterGui\\Game\\Jackpots\\Backing\\UIGridLayout\\Welcome\\Scripts" }
Executing CreateFile { filename: "StarterGui\\Game\\Jackpots\\Backing\\UIGridLayout\\Welcome\\Scripts\\init.meta.json" }
Instruction: Adding LocalScript StarterGui\Game\Jackpots\Backing\UIGridLayout\Welcome\Scripts/ExtendTextWithStrokeLocalScript
Executing CreateFile { filename: "StarterGui\\Game\\Jackpots\\Backing\\UIGridLayout\\Welcome\\Scripts\\ExtendTextWithStrokeLocalScript.client.luau" }
Instruction: Adding metadata StarterGui\Game\Jackpots\Backing\UIGridLayout/Jackpot
Executing CreateFolder { folder: "StarterGui\\Game\\Jackpots\\Backing\\UIGridLayout\\Jackpot" }
Executing CreateFile { filename: "StarterGui\\Game\\Jackpots\\Backing\\UIGridLayout\\Jackpot\\init.meta.json" }
Instruction: Adding Folder StarterGui\Game\Jackpots\Backing\UIGridLayout\Jackpot/Scripts
Executing CreateFolder { folder: "StarterGui\\Game\\Jackpots\\Backing\\UIGridLayout\\Jackpot\\Scripts" }
Executing CreateFile { filename: "StarterGui\\Game\\Jackpots\\Backing\\UIGridLayout\\Jackpot\\Scripts\\init.meta.json" }
Instruction: Adding LocalScript StarterGui\Game\Jackpots\Backing\UIGridLayout\Jackpot\Scripts/ExtendTextWithStrokeLocalScript
Executing CreateFile { filename: "StarterGui\\Game\\Jackpots\\Backing\\UIGridLayout\\Jackpot\\Scripts\\ExtendTextWithStrokeLocalScript.client.luau" }
Instruction: Adding Folder StarterGui\Game/PayoutPamplet
Executing CreateFolder { folder: "StarterGui\\Game\\PayoutPamplet" }
Executing CreateFile { filename: "StarterGui\\Game\\PayoutPamplet\\init.meta.json" }
Instruction: Adding LocalScript StarterGui\Game\PayoutPamplet/PampletCore
Executing CreateFile { filename: "StarterGui\\Game\\PayoutPamplet\\PampletCore.client.luau" }
Instruction: Adding metadata StarterGui\Game\PayoutPamplet/Back
Executing CreateFolder { folder: "StarterGui\\Game\\PayoutPamplet\\Back" }
Executing CreateFile { filename: "StarterGui\\Game\\PayoutPamplet\\Back\\init.meta.json" }
Instruction: Adding Folder StarterGui\Game\PayoutPamplet\Back/Scripts
Executing CreateFolder { folder: "StarterGui\\Game\\PayoutPamplet\\Back\\Scripts" }
Executing CreateFile { filename: "StarterGui\\Game\\PayoutPamplet\\Back\\Scripts\\init.meta.json" }
Instruction: Adding LocalScript StarterGui\Game\PayoutPamplet\Back\Scripts/ExtendTextButtonLocalScript
Executing CreateFile { filename: "StarterGui\\Game\\PayoutPamplet\\Back\\Scripts\\ExtendTextButtonLocalScript.client.luau" }
Instruction: Adding metadata StarterGui\Game\PayoutPamplet/Forward
Executing CreateFolder { folder: "StarterGui\\Game\\PayoutPamplet\\Forward" }
Executing CreateFile { filename: "StarterGui\\Game\\PayoutPamplet\\Forward\\init.meta.json" }
Instruction: Adding Folder StarterGui\Game\PayoutPamplet\Forward/Scripts
Executing CreateFolder { folder: "StarterGui\\Game\\PayoutPamplet\\Forward\\Scripts" }
Executing CreateFile { filename: "StarterGui\\Game\\PayoutPamplet\\Forward\\Scripts\\init.meta.json" }
Instruction: Adding LocalScript StarterGui\Game\PayoutPamplet\Forward\Scripts/ExtendTextButtonLocalScript
Executing CreateFile { filename: "StarterGui\\Game\\PayoutPamplet\\Forward\\Scripts\\ExtendTextButtonLocalScript.client.luau" }
Instruction: Adding Folder StarterGui\Game/Sidebar
Executing CreateFolder { folder: "StarterGui\\Game\\Sidebar" }
Executing CreateFile { filename: "StarterGui\\Game\\Sidebar\\init.meta.json" }
Instruction: Adding Folder StarterGui\Game\Sidebar/Toggles
Executing CreateFolder { folder: "StarterGui\\Game\\Sidebar\\Toggles" }
Executing CreateFile { filename: "StarterGui\\Game\\Sidebar\\Toggles\\init.meta.json" }
Instruction: Adding metadata StarterGui\Game\Sidebar\Toggles/Options
Executing CreateFolder { folder: "StarterGui\\Game\\Sidebar\\Toggles\\Options" }
Executing CreateFile { filename: "StarterGui\\Game\\Sidebar\\Toggles\\Options\\init.meta.json" }
Instruction: Adding Folder StarterGui\Game\Sidebar\Toggles\Options/Scripts
Executing CreateFolder { folder: "StarterGui\\Game\\Sidebar\\Toggles\\Options\\Scripts" }
Executing CreateFile { filename: "StarterGui\\Game\\Sidebar\\Toggles\\Options\\Scripts\\init.meta.json" }
Instruction: Adding LocalScript StarterGui\Game\Sidebar\Toggles\Options\Scripts/ExtendTextButtonLocalScript
Executing CreateFile { filename: "StarterGui\\Game\\Sidebar\\Toggles\\Options\\Scripts\\ExtendTextButtonLocalScript.client.luau" }
Instruction: Adding metadata StarterGui\Game\Sidebar\Toggles/Store
Executing CreateFolder { folder: "StarterGui\\Game\\Sidebar\\Toggles\\Store" }
Executing CreateFile { filename: "StarterGui\\Game\\Sidebar\\Toggles\\Store\\init.meta.json" }
Instruction: Adding Folder StarterGui\Game\Sidebar\Toggles\Store/Scripts
Executing CreateFolder { folder: "StarterGui\\Game\\Sidebar\\Toggles\\Store\\Scripts" }
Executing CreateFile { filename: "StarterGui\\Game\\Sidebar\\Toggles\\Store\\Scripts\\init.meta.json" }
Instruction: Adding LocalScript StarterGui\Game\Sidebar\Toggles\Store\Scripts/ExtendTextButtonLocalScript
Executing CreateFile { filename: "StarterGui\\Game\\Sidebar\\Toggles\\Store\\Scripts\\ExtendTextButtonLocalScript.client.luau" }
Instruction: Adding metadata StarterGui\Game\Sidebar\Toggles/Tutorial
Executing CreateFolder { folder: "StarterGui\\Game\\Sidebar\\Toggles\\Tutorial" }
Executing CreateFile { filename: "StarterGui\\Game\\Sidebar\\Toggles\\Tutorial\\init.meta.json" }
Instruction: Adding Folder StarterGui\Game\Sidebar\Toggles\Tutorial/Scripts
Executing CreateFolder { folder: "StarterGui\\Game\\Sidebar\\Toggles\\Tutorial\\Scripts" }
Executing CreateFile { filename: "StarterGui\\Game\\Sidebar\\Toggles\\Tutorial\\Scripts\\init.meta.json" }
Instruction: Adding LocalScript StarterGui\Game\Sidebar\Toggles\Tutorial\Scripts/ExtendTextButtonLocalScript
Executing CreateFile { filename: "StarterGui\\Game\\Sidebar\\Toggles\\Tutorial\\Scripts\\ExtendTextButtonLocalScript.client.luau" }
Instruction: Adding Folder StarterGui\Game\Sidebar/Backings
Executing CreateFolder { folder: "StarterGui\\Game\\Sidebar\\Backings" }
Executing CreateFile { filename: "StarterGui\\Game\\Sidebar\\Backings\\init.meta.json" }
Instruction: Adding metadata StarterGui\Game\Sidebar\Backings/Store
Executing CreateFolder { folder: "StarterGui\\Game\\Sidebar\\Backings\\Store" }
Executing CreateFile { filename: "StarterGui\\Game\\Sidebar\\Backings\\Store\\init.meta.json" }
Instruction: Adding metadata StarterGui\Game\Sidebar\Backings\Store/Content
Executing CreateFolder { folder: "StarterGui\\Game\\Sidebar\\Backings\\Store\\Content" }
Executing CreateFile { filename: "StarterGui\\Game\\Sidebar\\Backings\\Store\\Content\\init.meta.json" }
Instruction: Adding metadata StarterGui\Game\Sidebar\Backings\Store\Content/Header
Executing CreateFolder { folder: "StarterGui\\Game\\Sidebar\\Backings\\Store\\Content\\Header" }
Executing CreateFile { filename: "StarterGui\\Game\\Sidebar\\Backings\\Store\\Content\\Header\\init.meta.json" }
Instruction: Adding metadata StarterGui\Game\Sidebar\Backings\Store\Content\Header/Title
Executing CreateFolder { folder: "StarterGui\\Game\\Sidebar\\Backings\\Store\\Content\\Header\\Title" }
Executing CreateFile { filename: "StarterGui\\Game\\Sidebar\\Backings\\Store\\Content\\Header\\Title\\init.meta.json" }
Instruction: Adding Folder StarterGui\Game\Sidebar\Backings\Store\Content\Header\Title/Scripts
Executing CreateFolder { folder: "StarterGui\\Game\\Sidebar\\Backings\\Store\\Content\\Header\\Title\\Scripts" }
Executing CreateFile { filename: "StarterGui\\Game\\Sidebar\\Backings\\Store\\Content\\Header\\Title\\Scripts\\init.meta.json" }
Instruction: Adding LocalScript StarterGui\Game\Sidebar\Backings\Store\Content\Header\Title\Scripts/ExtendTextWithStrokeLocalScript
Executing CreateFile { filename: "StarterGui\\Game\\Sidebar\\Backings\\Store\\Content\\Header\\Title\\Scripts\\ExtendTextWithStrokeLocalScript.client.luau" }
Instruction: Adding Folder StarterGui\Game\Sidebar\Backings\Store/Upgrades
Executing CreateFolder { folder: "StarterGui\\Game\\Sidebar\\Backings\\Store\\Upgrades" }
Executing CreateFile { filename: "StarterGui\\Game\\Sidebar\\Backings\\Store\\Upgrades\\init.meta.json" }
Instruction: Adding metadata StarterGui\Game\Sidebar\Backings\Store\Upgrades/FasterSpins
Executing CreateFolder { folder: "StarterGui\\Game\\Sidebar\\Backings\\Store\\Upgrades\\FasterSpins" }
Executing CreateFile { filename: "StarterGui\\Game\\Sidebar\\Backings\\Store\\Upgrades\\FasterSpins\\init.meta.json" }
Instruction: Adding metadata StarterGui\Game\Sidebar\Backings\Store\Upgrades\FasterSpins/CashBuy
Executing CreateFolder { folder: "StarterGui\\Game\\Sidebar\\Backings\\Store\\Upgrades\\FasterSpins\\CashBuy" }
Executing CreateFile { filename: "StarterGui\\Game\\Sidebar\\Backings\\Store\\Upgrades\\FasterSpins\\CashBuy\\init.meta.json" }
Instruction: Adding Folder StarterGui\Game\Sidebar\Backings\Store\Upgrades\FasterSpins\CashBuy/Scripts
Executing CreateFolder { folder: "StarterGui\\Game\\Sidebar\\Backings\\Store\\Upgrades\\FasterSpins\\CashBuy\\Scripts" }
Executing CreateFile { filename: "StarterGui\\Game\\Sidebar\\Backings\\Store\\Upgrades\\FasterSpins\\CashBuy\\Scripts\\init.meta.json" }
Instruction: Adding LocalScript StarterGui\Game\Sidebar\Backings\Store\Upgrades\FasterSpins\CashBuy\Scripts/ExtendTextButtonLocalScript
Executing CreateFile { filename: "StarterGui\\Game\\Sidebar\\Backings\\Store\\Upgrades\\FasterSpins\\CashBuy\\Scripts\\ExtendTextButtonLocalScript.client.luau" }
Instruction: Adding metadata StarterGui\Game\Sidebar\Backings\Store\Upgrades/DoubleSpins
Executing CreateFolder { folder: "StarterGui\\Game\\Sidebar\\Backings\\Store\\Upgrades\\DoubleSpins" }
Executing CreateFile { filename: "StarterGui\\Game\\Sidebar\\Backings\\Store\\Upgrades\\DoubleSpins\\init.meta.json" }
Instruction: Adding metadata StarterGui\Game\Sidebar\Backings\Store\Upgrades\DoubleSpins/CashBuy
Executing CreateFolder { folder: "StarterGui\\Game\\Sidebar\\Backings\\Store\\Upgrades\\DoubleSpins\\CashBuy" }
Executing CreateFile { filename: "StarterGui\\Game\\Sidebar\\Backings\\Store\\Upgrades\\DoubleSpins\\CashBuy\\init.meta.json" }
Instruction: Adding Folder StarterGui\Game\Sidebar\Backings\Store\Upgrades\DoubleSpins\CashBuy/Scripts
Executing CreateFolder { folder: "StarterGui\\Game\\Sidebar\\Backings\\Store\\Upgrades\\DoubleSpins\\CashBuy\\Scripts" }
Executing CreateFile { filename: "StarterGui\\Game\\Sidebar\\Backings\\Store\\Upgrades\\DoubleSpins\\CashBuy\\Scripts\\init.meta.json" }
Instruction: Adding LocalScript StarterGui\Game\Sidebar\Backings\Store\Upgrades\DoubleSpins\CashBuy\Scripts/ExtendTextButtonLocalScript
Executing CreateFile { filename: "StarterGui\\Game\\Sidebar\\Backings\\Store\\Upgrades\\DoubleSpins\\CashBuy\\Scripts\\ExtendTextButtonLocalScript.client.luau" }
Instruction: Adding LocalScript StarterGui\Game\Sidebar\Backings\Store/ShopCore
Executing CreateFile { filename: "StarterGui\\Game\\Sidebar\\Backings\\Store\\ShopCore.client.luau" }
Instruction: Adding metadata StarterGui\Game\Sidebar\Backings/Options
Executing CreateFolder { folder: "StarterGui\\Game\\Sidebar\\Backings\\Options" }
Executing CreateFile { filename: "StarterGui\\Game\\Sidebar\\Backings\\Options\\init.meta.json" }
Instruction: Adding metadata StarterGui\Game\Sidebar\Backings\Options/Content
Executing CreateFolder { folder: "StarterGui\\Game\\Sidebar\\Backings\\Options\\Content" }
Executing CreateFile { filename: "StarterGui\\Game\\Sidebar\\Backings\\Options\\Content\\init.meta.json" }
Instruction: Adding metadata StarterGui\Game\Sidebar\Backings\Options\Content/Header
Executing CreateFolder { folder: "StarterGui\\Game\\Sidebar\\Backings\\Options\\Content\\Header" }
Executing CreateFile { filename: "StarterGui\\Game\\Sidebar\\Backings\\Options\\Content\\Header\\init.meta.json" }
Instruction: Adding metadata StarterGui\Game\Sidebar\Backings\Options\Content\Header/Title
Executing CreateFolder { folder: "StarterGui\\Game\\Sidebar\\Backings\\Options\\Content\\Header\\Title" }
Executing CreateFile { filename: "StarterGui\\Game\\Sidebar\\Backings\\Options\\Content\\Header\\Title\\init.meta.json" }
Instruction: Adding Folder StarterGui\Game\Sidebar\Backings\Options\Content\Header\Title/Scripts
Executing CreateFolder { folder: "StarterGui\\Game\\Sidebar\\Backings\\Options\\Content\\Header\\Title\\Scripts" }
Executing CreateFile { filename: "StarterGui\\Game\\Sidebar\\Backings\\Options\\Content\\Header\\Title\\Scripts\\init.meta.json" }
Instruction: Adding LocalScript StarterGui\Game\Sidebar\Backings\Options\Content\Header\Title\Scripts/ExtendTextWithStrokeLocalScript
Executing CreateFile { filename: "StarterGui\\Game\\Sidebar\\Backings\\Options\\Content\\Header\\Title\\Scripts\\ExtendTextWithStrokeLocalScript.client.luau" }
Instruction: Adding metadata StarterGui\Game\Sidebar\Backings\Options\Content/Body
Executing CreateFolder { folder: "StarterGui\\Game\\Sidebar\\Backings\\Options\\Content\\Body" }
Executing CreateFile { filename: "StarterGui\\Game\\Sidebar\\Backings\\Options\\Content\\Body\\init.meta.json" }
Instruction: Adding Folder StarterGui\Game\Sidebar\Backings\Options\Content\Body/Toggles
Executing CreateFolder { folder: "StarterGui\\Game\\Sidebar\\Backings\\Options\\Content\\Body\\Toggles" }
Executing CreateFile { filename: "StarterGui\\Game\\Sidebar\\Backings\\Options\\Content\\Body\\Toggles\\init.meta.json" }
Instruction: Adding metadata StarterGui\Game\Sidebar\Backings\Options\Content\Body\Toggles/Jackpots
Executing CreateFolder { folder: "StarterGui\\Game\\Sidebar\\Backings\\Options\\Content\\Body\\Toggles\\Jackpots" }
Executing CreateFile { filename: "StarterGui\\Game\\Sidebar\\Backings\\Options\\Content\\Body\\Toggles\\Jackpots\\init.meta.json" }
Instruction: Adding Folder StarterGui\Game\Sidebar\Backings\Options\Content\Body\Toggles\Jackpots/Scripts
Executing CreateFolder { folder: "StarterGui\\Game\\Sidebar\\Backings\\Options\\Content\\Body\\Toggles\\Jackpots\\Scripts" }
Executing CreateFile { filename: "StarterGui\\Game\\Sidebar\\Backings\\Options\\Content\\Body\\Toggles\\Jackpots\\Scripts\\init.meta.json" }
Instruction: Adding LocalScript StarterGui\Game\Sidebar\Backings\Options\Content\Body\Toggles\Jackpots\Scripts/ExtendTextButtonLocalScript
Executing CreateFile { filename: "StarterGui\\Game\\Sidebar\\Backings\\Options\\Content\\Body\\Toggles\\Jackpots\\Scripts\\ExtendTextButtonLocalScript.client.luau" }
Instruction: Adding LocalScript StarterGui\Game\Sidebar\Backings\Options\Content\Body\Toggles\Jackpots/Toggle
Executing CreateFile { filename: "StarterGui\\Game\\Sidebar\\Backings\\Options\\Content\\Body\\Toggles\\Jackpots\\Toggle.client.luau" }
Instruction: Adding metadata StarterGui\Game\Sidebar\Backings\Options\Content\Body\Toggles/LargeGUI
Executing CreateFolder { folder: "StarterGui\\Game\\Sidebar\\Backings\\Options\\Content\\Body\\Toggles\\LargeGUI" }
Executing CreateFile { filename: "StarterGui\\Game\\Sidebar\\Backings\\Options\\Content\\Body\\Toggles\\LargeGUI\\init.meta.json" }
Instruction: Adding Folder StarterGui\Game\Sidebar\Backings\Options\Content\Body\Toggles\LargeGUI/Scripts
Executing CreateFolder { folder: "StarterGui\\Game\\Sidebar\\Backings\\Options\\Content\\Body\\Toggles\\LargeGUI\\Scripts" }
Executing CreateFile { filename: "StarterGui\\Game\\Sidebar\\Backings\\Options\\Content\\Body\\Toggles\\LargeGUI\\Scripts\\init.meta.json" }
Instruction: Adding LocalScript StarterGui\Game\Sidebar\Backings\Options\Content\Body\Toggles\LargeGUI\Scripts/ExtendTextButtonLocalScript
Executing CreateFile { filename: "StarterGui\\Game\\Sidebar\\Backings\\Options\\Content\\Body\\Toggles\\LargeGUI\\Scripts\\ExtendTextButtonLocalScript.client.luau" }
Instruction: Adding LocalScript StarterGui\Game\Sidebar\Backings\Options\Content\Body\Toggles\LargeGUI/Toggle
Executing CreateFile { filename: "StarterGui\\Game\\Sidebar\\Backings\\Options\\Content\\Body\\Toggles\\LargeGUI\\Toggle.client.luau" }
Instruction: Adding metadata StarterGui\Game\Sidebar\Backings\Options\Content\Body\Toggles/Players
Executing CreateFolder { folder: "StarterGui\\Game\\Sidebar\\Backings\\Options\\Content\\Body\\Toggles\\Players" }
Executing CreateFile { filename: "StarterGui\\Game\\Sidebar\\Backings\\Options\\Content\\Body\\Toggles\\Players\\init.meta.json" }
Instruction: Adding Folder StarterGui\Game\Sidebar\Backings\Options\Content\Body\Toggles\Players/Scripts
Executing CreateFolder { folder: "StarterGui\\Game\\Sidebar\\Backings\\Options\\Content\\Body\\Toggles\\Players\\Scripts" }
Executing CreateFile { filename: "StarterGui\\Game\\Sidebar\\Backings\\Options\\Content\\Body\\Toggles\\Players\\Scripts\\init.meta.json" }
Instruction: Adding LocalScript StarterGui\Game\Sidebar\Backings\Options\Content\Body\Toggles\Players\Scripts/ExtendTextButtonLocalScript
Executing CreateFile { filename: "StarterGui\\Game\\Sidebar\\Backings\\Options\\Content\\Body\\Toggles\\Players\\Scripts\\ExtendTextButtonLocalScript.client.luau" }
Instruction: Adding LocalScript StarterGui\Game\Sidebar\Backings\Options\Content\Body\Toggles\Players/Toggle
Executing CreateFile { filename: "StarterGui\\Game\\Sidebar\\Backings\\Options\\Content\\Body\\Toggles\\Players\\Toggle.client.luau" }
Instruction: Adding LocalScript StarterGui\Game\Sidebar\Backings\Options\Content\Body/OptionsCore
Executing CreateFile { filename: "StarterGui\\Game\\Sidebar\\Backings\\Options\\Content\\Body\\OptionsCore.client.luau" }
Instruction: Adding Folder StarterGui\Game\Sidebar\Backings\Options\Content\Body/Sliders
Executing CreateFolder { folder: "StarterGui\\Game\\Sidebar\\Backings\\Options\\Content\\Body\\Sliders" }
Executing CreateFile { filename: "StarterGui\\Game\\Sidebar\\Backings\\Options\\Content\\Body\\Sliders\\init.meta.json" }
Instruction: Adding metadata StarterGui\Game\Sidebar\Backings\Options\Content\Body\Sliders/Music
Executing CreateFolder { folder: "StarterGui\\Game\\Sidebar\\Backings\\Options\\Content\\Body\\Sliders\\Music" }
Executing CreateFile { filename: "StarterGui\\Game\\Sidebar\\Backings\\Options\\Content\\Body\\Sliders\\Music\\init.meta.json" }
Instruction: Adding LocalScript StarterGui\Game\Sidebar\Backings\Options\Content\Body\Sliders\Music/Ambience
Executing CreateFile { filename: "StarterGui\\Game\\Sidebar\\Backings\\Options\\Content\\Body\\Sliders\\Music\\Ambience.client.luau" }
Instruction: Adding LocalScript StarterGui\Game\Sidebar\Backings\Options\Content\Body\Sliders\Music/SliderUpdate
Executing CreateFile { filename: "StarterGui\\Game\\Sidebar\\Backings\\Options\\Content\\Body\\Sliders\\Music\\SliderUpdate.client.luau" }
Executing CreateFile { filename: "StarterGui\\Game\\Sidebar\\Backings\\Options\\Content\\Body\\Sliders\\Music\\SliderUpdate.meta.json" }
Instruction: Adding metadata StarterGui\Game\Sidebar\Backings\Options\Content\Body\Sliders/Brightness
Executing CreateFolder { folder: "StarterGui\\Game\\Sidebar\\Backings\\Options\\Content\\Body\\Sliders\\Brightness" }
Executing CreateFile { filename: "StarterGui\\Game\\Sidebar\\Backings\\Options\\Content\\Body\\Sliders\\Brightness\\init.meta.json" }
Instruction: Adding LocalScript StarterGui\Game\Sidebar\Backings\Options\Content\Body\Sliders\Brightness/SliderUpdate
Executing CreateFile { filename: "StarterGui\\Game\\Sidebar\\Backings\\Options\\Content\\Body\\Sliders\\Brightness\\SliderUpdate.client.luau" }
Executing CreateFile { filename: "StarterGui\\Game\\Sidebar\\Backings\\Options\\Content\\Body\\Sliders\\Brightness\\SliderUpdate.meta.json" }
Instruction: Adding metadata StarterGui\Game\Sidebar\Backings\Options\Content\Body\Sliders/Contrast
Executing CreateFolder { folder: "StarterGui\\Game\\Sidebar\\Backings\\Options\\Content\\Body\\Sliders\\Contrast" }
Executing CreateFile { filename: "StarterGui\\Game\\Sidebar\\Backings\\Options\\Content\\Body\\Sliders\\Contrast\\init.meta.json" }
Instruction: Adding LocalScript StarterGui\Game\Sidebar\Backings\Options\Content\Body\Sliders\Contrast/SliderUpdate
Executing CreateFile { filename: "StarterGui\\Game\\Sidebar\\Backings\\Options\\Content\\Body\\Sliders\\Contrast\\SliderUpdate.client.luau" }
Executing CreateFile { filename: "StarterGui\\Game\\Sidebar\\Backings\\Options\\Content\\Body\\Sliders\\Contrast\\SliderUpdate.meta.json" }
Instruction: Adding metadata StarterGui\Game\Sidebar\Backings\Options\Content\Body\Sliders/Saturation
Executing CreateFolder { folder: "StarterGui\\Game\\Sidebar\\Backings\\Options\\Content\\Body\\Sliders\\Saturation" }
Executing CreateFile { filename: "StarterGui\\Game\\Sidebar\\Backings\\Options\\Content\\Body\\Sliders\\Saturation\\init.meta.json" }
Instruction: Adding LocalScript StarterGui\Game\Sidebar\Backings\Options\Content\Body\Sliders\Saturation/SliderUpdate
Executing CreateFile { filename: "StarterGui\\Game\\Sidebar\\Backings\\Options\\Content\\Body\\Sliders\\Saturation\\SliderUpdate.client.luau" }
Executing CreateFile { filename: "StarterGui\\Game\\Sidebar\\Backings\\Options\\Content\\Body\\Sliders\\Saturation\\SliderUpdate.meta.json" }
Instruction: Adding metadata StarterGui\Game\Sidebar\Backings\Options\Content\Body\Sliders/NPCs
Executing CreateFolder { folder: "StarterGui\\Game\\Sidebar\\Backings\\Options\\Content\\Body\\Sliders\\NPCs" }
Executing CreateFile { filename: "StarterGui\\Game\\Sidebar\\Backings\\Options\\Content\\Body\\Sliders\\NPCs\\init.meta.json" }
Instruction: Adding LocalScript StarterGui\Game\Sidebar\Backings\Options\Content\Body\Sliders\NPCs/SliderUpdate
Executing CreateFile { filename: "StarterGui\\Game\\Sidebar\\Backings\\Options\\Content\\Body\\Sliders\\NPCs\\SliderUpdate.client.luau" }
Executing CreateFile { filename: "StarterGui\\Game\\Sidebar\\Backings\\Options\\Content\\Body\\Sliders\\NPCs\\SliderUpdate.meta.json" }
Instruction: Adding metadata StarterGui\Game\Sidebar\Backings\Options\Content\Body\Sliders/Slots
Executing CreateFolder { folder: "StarterGui\\Game\\Sidebar\\Backings\\Options\\Content\\Body\\Sliders\\Slots" }
Executing CreateFile { filename: "StarterGui\\Game\\Sidebar\\Backings\\Options\\Content\\Body\\Sliders\\Slots\\init.meta.json" }
Instruction: Adding LocalScript StarterGui\Game\Sidebar\Backings\Options\Content\Body\Sliders\Slots/SliderUpdate
Executing CreateFile { filename: "StarterGui\\Game\\Sidebar\\Backings\\Options\\Content\\Body\\Sliders\\Slots\\SliderUpdate.client.luau" }
Executing CreateFile { filename: "StarterGui\\Game\\Sidebar\\Backings\\Options\\Content\\Body\\Sliders\\Slots\\SliderUpdate.meta.json" }
Instruction: Adding metadata StarterGui\Game\Sidebar\Backings\Options\Content\Body\Sliders/Tabletop
Executing CreateFolder { folder: "StarterGui\\Game\\Sidebar\\Backings\\Options\\Content\\Body\\Sliders\\Tabletop" }
Executing CreateFile { filename: "StarterGui\\Game\\Sidebar\\Backings\\Options\\Content\\Body\\Sliders\\Tabletop\\init.meta.json" }
Instruction: Adding LocalScript StarterGui\Game\Sidebar\Backings\Options\Content\Body\Sliders\Tabletop/SliderUpdate
Executing CreateFile { filename: "StarterGui\\Game\\Sidebar\\Backings\\Options\\Content\\Body\\Sliders\\Tabletop\\SliderUpdate.client.luau" }
Executing CreateFile { filename: "StarterGui\\Game\\Sidebar\\Backings\\Options\\Content\\Body\\Sliders\\Tabletop\\SliderUpdate.meta.json" }
Instruction: Adding metadata StarterGui\Game\Sidebar\Backings\Options\Content\Body\Sliders/FOV
Executing CreateFolder { folder: "StarterGui\\Game\\Sidebar\\Backings\\Options\\Content\\Body\\Sliders\\FOV" }
Executing CreateFile { filename: "StarterGui\\Game\\Sidebar\\Backings\\Options\\Content\\Body\\Sliders\\FOV\\init.meta.json" }
Instruction: Adding LocalScript StarterGui\Game\Sidebar\Backings\Options\Content\Body\Sliders\FOV/SliderUpdate
Executing CreateFile { filename: "StarterGui\\Game\\Sidebar\\Backings\\Options\\Content\\Body\\Sliders\\FOV\\SliderUpdate.client.luau" }
Executing CreateFile { filename: "StarterGui\\Game\\Sidebar\\Backings\\Options\\Content\\Body\\Sliders\\FOV\\SliderUpdate.meta.json" }
Instruction: Adding metadata StarterGui\Game\Sidebar\Backings\Options\Content\Body\Sliders/Notifications
Executing CreateFolder { folder: "StarterGui\\Game\\Sidebar\\Backings\\Options\\Content\\Body\\Sliders\\Notifications" }
Executing CreateFile { filename: "StarterGui\\Game\\Sidebar\\Backings\\Options\\Content\\Body\\Sliders\\Notifications\\init.meta.json" }
Instruction: Adding LocalScript StarterGui\Game\Sidebar\Backings\Options\Content\Body\Sliders\Notifications/SliderUpdate
Executing CreateFile { filename: "StarterGui\\Game\\Sidebar\\Backings\\Options\\Content\\Body\\Sliders\\Notifications\\SliderUpdate.client.luau" }
Executing CreateFile { filename: "StarterGui\\Game\\Sidebar\\Backings\\Options\\Content\\Body\\Sliders\\Notifications\\SliderUpdate.meta.json" }
Instruction: Adding LocalScript StarterGui\Game\Sidebar/SidebarCore
Executing CreateFile { filename: "StarterGui\\Game\\Sidebar\\SidebarCore.client.luau" }
Instruction: Adding Folder StarterGui\Game/Tutorial
Executing CreateFolder { folder: "StarterGui\\Game\\Tutorial" }
Executing CreateFile { filename: "StarterGui\\Game\\Tutorial\\init.meta.json" }
Instruction: Adding LocalScript StarterGui\Game\Tutorial/TutorialCore
Executing CreateFile { filename: "StarterGui\\Game\\Tutorial\\TutorialCore.client.luau" }
Instruction: Adding metadata StarterGui\Game\Tutorial/0
Executing CreateFolder { folder: "StarterGui\\Game\\Tutorial\\0" }
Executing CreateFile { filename: "StarterGui\\Game\\Tutorial\\0\\init.meta.json" }
Instruction: Adding metadata StarterGui\Game\Tutorial\0/Content
Executing CreateFolder { folder: "StarterGui\\Game\\Tutorial\\0\\Content" }
Executing CreateFile { filename: "StarterGui\\Game\\Tutorial\\0\\Content\\init.meta.json" }
Instruction: Adding metadata StarterGui\Game\Tutorial\0\Content/Footer
Executing CreateFolder { folder: "StarterGui\\Game\\Tutorial\\0\\Content\\Footer" }
Executing CreateFile { filename: "StarterGui\\Game\\Tutorial\\0\\Content\\Footer\\init.meta.json" }
Instruction: Adding metadata StarterGui\Game\Tutorial\0\Content\Footer/Next
Executing CreateFolder { folder: "StarterGui\\Game\\Tutorial\\0\\Content\\Footer\\Next" }
Executing CreateFile { filename: "StarterGui\\Game\\Tutorial\\0\\Content\\Footer\\Next\\init.meta.json" }
Instruction: Adding Folder StarterGui\Game\Tutorial\0\Content\Footer\Next/Scripts
Executing CreateFolder { folder: "StarterGui\\Game\\Tutorial\\0\\Content\\Footer\\Next\\Scripts" }
Executing CreateFile { filename: "StarterGui\\Game\\Tutorial\\0\\Content\\Footer\\Next\\Scripts\\init.meta.json" }
Instruction: Adding LocalScript StarterGui\Game\Tutorial\0\Content\Footer\Next\Scripts/ExtendTextButtonLocalScript
Executing CreateFile { filename: "StarterGui\\Game\\Tutorial\\0\\Content\\Footer\\Next\\Scripts\\ExtendTextButtonLocalScript.client.luau" }
Instruction: Adding metadata StarterGui\Game\Tutorial\0\Content/Header
Executing CreateFolder { folder: "StarterGui\\Game\\Tutorial\\0\\Content\\Header" }
Executing CreateFile { filename: "StarterGui\\Game\\Tutorial\\0\\Content\\Header\\init.meta.json" }
Instruction: Adding metadata StarterGui\Game\Tutorial\0\Content\Header/Title
Executing CreateFolder { folder: "StarterGui\\Game\\Tutorial\\0\\Content\\Header\\Title" }
Executing CreateFile { filename: "StarterGui\\Game\\Tutorial\\0\\Content\\Header\\Title\\init.meta.json" }
Instruction: Adding Folder StarterGui\Game\Tutorial\0\Content\Header\Title/Scripts
Executing CreateFolder { folder: "StarterGui\\Game\\Tutorial\\0\\Content\\Header\\Title\\Scripts" }
Executing CreateFile { filename: "StarterGui\\Game\\Tutorial\\0\\Content\\Header\\Title\\Scripts\\init.meta.json" }
Instruction: Adding LocalScript StarterGui\Game\Tutorial\0\Content\Header\Title\Scripts/ExtendTextWithStrokeLocalScript
Executing CreateFile { filename: "StarterGui\\Game\\Tutorial\\0\\Content\\Header\\Title\\Scripts\\ExtendTextWithStrokeLocalScript.client.luau" }
Instruction: Adding metadata StarterGui\Game\Tutorial\0\Content/Body
Executing CreateFolder { folder: "StarterGui\\Game\\Tutorial\\0\\Content\\Body" }
Executing CreateFile { filename: "StarterGui\\Game\\Tutorial\\0\\Content\\Body\\init.meta.json" }
Instruction: Adding Folder StarterGui\Game\Tutorial\0\Content\Body/Scripts
Executing CreateFolder { folder: "StarterGui\\Game\\Tutorial\\0\\Content\\Body\\Scripts" }
Executing CreateFile { filename: "StarterGui\\Game\\Tutorial\\0\\Content\\Body\\Scripts\\init.meta.json" }
Instruction: Adding LocalScript StarterGui\Game\Tutorial\0\Content\Body\Scripts/ExtendTextLocalScript
Executing CreateFile { filename: "StarterGui\\Game\\Tutorial\\0\\Content\\Body\\Scripts\\ExtendTextLocalScript.client.luau" }
Instruction: Adding metadata StarterGui\Game\Tutorial/1
Executing CreateFolder { folder: "StarterGui\\Game\\Tutorial\\1" }
Executing CreateFile { filename: "StarterGui\\Game\\Tutorial\\1\\init.meta.json" }
Instruction: Adding metadata StarterGui\Game\Tutorial\1/Content
Executing CreateFolder { folder: "StarterGui\\Game\\Tutorial\\1\\Content" }
Executing CreateFile { filename: "StarterGui\\Game\\Tutorial\\1\\Content\\init.meta.json" }
Instruction: Adding metadata StarterGui\Game\Tutorial\1\Content/Footer
Executing CreateFolder { folder: "StarterGui\\Game\\Tutorial\\1\\Content\\Footer" }
Executing CreateFile { filename: "StarterGui\\Game\\Tutorial\\1\\Content\\Footer\\init.meta.json" }
Instruction: Adding metadata StarterGui\Game\Tutorial\1\Content\Footer/Next
Executing CreateFolder { folder: "StarterGui\\Game\\Tutorial\\1\\Content\\Footer\\Next" }
Executing CreateFile { filename: "StarterGui\\Game\\Tutorial\\1\\Content\\Footer\\Next\\init.meta.json" }
Instruction: Adding Folder StarterGui\Game\Tutorial\1\Content\Footer\Next/Scripts
Executing CreateFolder { folder: "StarterGui\\Game\\Tutorial\\1\\Content\\Footer\\Next\\Scripts" }
Executing CreateFile { filename: "StarterGui\\Game\\Tutorial\\1\\Content\\Footer\\Next\\Scripts\\init.meta.json" }
Instruction: Adding LocalScript StarterGui\Game\Tutorial\1\Content\Footer\Next\Scripts/ExtendTextButtonLocalScript
Executing CreateFile { filename: "StarterGui\\Game\\Tutorial\\1\\Content\\Footer\\Next\\Scripts\\ExtendTextButtonLocalScript.client.luau" }
Instruction: Adding metadata StarterGui\Game\Tutorial\1\Content/Header
Executing CreateFolder { folder: "StarterGui\\Game\\Tutorial\\1\\Content\\Header" }
Executing CreateFile { filename: "StarterGui\\Game\\Tutorial\\1\\Content\\Header\\init.meta.json" }
Instruction: Adding metadata StarterGui\Game\Tutorial\1\Content\Header/Title
Executing CreateFolder { folder: "StarterGui\\Game\\Tutorial\\1\\Content\\Header\\Title" }
Executing CreateFile { filename: "StarterGui\\Game\\Tutorial\\1\\Content\\Header\\Title\\init.meta.json" }
Instruction: Adding Folder StarterGui\Game\Tutorial\1\Content\Header\Title/Scripts
Executing CreateFolder { folder: "StarterGui\\Game\\Tutorial\\1\\Content\\Header\\Title\\Scripts" }
Executing CreateFile { filename: "StarterGui\\Game\\Tutorial\\1\\Content\\Header\\Title\\Scripts\\init.meta.json" }
Instruction: Adding LocalScript StarterGui\Game\Tutorial\1\Content\Header\Title\Scripts/ExtendTextWithStrokeLocalScript
Executing CreateFile { filename: "StarterGui\\Game\\Tutorial\\1\\Content\\Header\\Title\\Scripts\\ExtendTextWithStrokeLocalScript.client.luau" }
Instruction: Adding metadata StarterGui\Game\Tutorial\1\Content/Body
Executing CreateFolder { folder: "StarterGui\\Game\\Tutorial\\1\\Content\\Body" }
Executing CreateFile { filename: "StarterGui\\Game\\Tutorial\\1\\Content\\Body\\init.meta.json" }
Instruction: Adding Folder StarterGui\Game\Tutorial\1\Content\Body/Scripts
Executing CreateFolder { folder: "StarterGui\\Game\\Tutorial\\1\\Content\\Body\\Scripts" }
Executing CreateFile { filename: "StarterGui\\Game\\Tutorial\\1\\Content\\Body\\Scripts\\init.meta.json" }
Instruction: Adding LocalScript StarterGui\Game\Tutorial\1\Content\Body\Scripts/ExtendTextLocalScript
Executing CreateFile { filename: "StarterGui\\Game\\Tutorial\\1\\Content\\Body\\Scripts\\ExtendTextLocalScript.client.luau" }
Instruction: Adding metadata StarterGui\Game\Tutorial/2
Executing CreateFolder { folder: "StarterGui\\Game\\Tutorial\\2" }
Executing CreateFile { filename: "StarterGui\\Game\\Tutorial\\2\\init.meta.json" }
Instruction: Adding metadata StarterGui\Game\Tutorial\2/Content
Executing CreateFolder { folder: "StarterGui\\Game\\Tutorial\\2\\Content" }
Executing CreateFile { filename: "StarterGui\\Game\\Tutorial\\2\\Content\\init.meta.json" }
Instruction: Adding metadata StarterGui\Game\Tutorial\2\Content/Footer
Executing CreateFolder { folder: "StarterGui\\Game\\Tutorial\\2\\Content\\Footer" }
Executing CreateFile { filename: "StarterGui\\Game\\Tutorial\\2\\Content\\Footer\\init.meta.json" }
Instruction: Adding metadata StarterGui\Game\Tutorial\2\Content\Footer/Next
Executing CreateFolder { folder: "StarterGui\\Game\\Tutorial\\2\\Content\\Footer\\Next" }
Executing CreateFile { filename: "StarterGui\\Game\\Tutorial\\2\\Content\\Footer\\Next\\init.meta.json" }
Instruction: Adding Folder StarterGui\Game\Tutorial\2\Content\Footer\Next/Scripts
Executing CreateFolder { folder: "StarterGui\\Game\\Tutorial\\2\\Content\\Footer\\Next\\Scripts" }
Executing CreateFile { filename: "StarterGui\\Game\\Tutorial\\2\\Content\\Footer\\Next\\Scripts\\init.meta.json" }
Instruction: Adding LocalScript StarterGui\Game\Tutorial\2\Content\Footer\Next\Scripts/ExtendTextButtonLocalScript
Executing CreateFile { filename: "StarterGui\\Game\\Tutorial\\2\\Content\\Footer\\Next\\Scripts\\ExtendTextButtonLocalScript.client.luau" }
Instruction: Adding metadata StarterGui\Game\Tutorial\2\Content/Header
Executing CreateFolder { folder: "StarterGui\\Game\\Tutorial\\2\\Content\\Header" }
Executing CreateFile { filename: "StarterGui\\Game\\Tutorial\\2\\Content\\Header\\init.meta.json" }
Instruction: Adding metadata StarterGui\Game\Tutorial\2\Content\Header/Title
Executing CreateFolder { folder: "StarterGui\\Game\\Tutorial\\2\\Content\\Header\\Title" }
Executing CreateFile { filename: "StarterGui\\Game\\Tutorial\\2\\Content\\Header\\Title\\init.meta.json" }
Instruction: Adding Folder StarterGui\Game\Tutorial\2\Content\Header\Title/Scripts
Executing CreateFolder { folder: "StarterGui\\Game\\Tutorial\\2\\Content\\Header\\Title\\Scripts" }
Executing CreateFile { filename: "StarterGui\\Game\\Tutorial\\2\\Content\\Header\\Title\\Scripts\\init.meta.json" }
Instruction: Adding LocalScript StarterGui\Game\Tutorial\2\Content\Header\Title\Scripts/ExtendTextWithStrokeLocalScript
Executing CreateFile { filename: "StarterGui\\Game\\Tutorial\\2\\Content\\Header\\Title\\Scripts\\ExtendTextWithStrokeLocalScript.client.luau" }
Instruction: Adding metadata StarterGui\Game\Tutorial\2\Content/Body
Executing CreateFolder { folder: "StarterGui\\Game\\Tutorial\\2\\Content\\Body" }
Executing CreateFile { filename: "StarterGui\\Game\\Tutorial\\2\\Content\\Body\\init.meta.json" }
Instruction: Adding Folder StarterGui\Game\Tutorial\2\Content\Body/Scripts
Executing CreateFolder { folder: "StarterGui\\Game\\Tutorial\\2\\Content\\Body\\Scripts" }
Executing CreateFile { filename: "StarterGui\\Game\\Tutorial\\2\\Content\\Body\\Scripts\\init.meta.json" }
Instruction: Adding LocalScript StarterGui\Game\Tutorial\2\Content\Body\Scripts/ExtendTextLocalScript
Executing CreateFile { filename: "StarterGui\\Game\\Tutorial\\2\\Content\\Body\\Scripts\\ExtendTextLocalScript.client.luau" }
Instruction: Adding metadata StarterGui\Game\Tutorial/3
Executing CreateFolder { folder: "StarterGui\\Game\\Tutorial\\3" }
Executing CreateFile { filename: "StarterGui\\Game\\Tutorial\\3\\init.meta.json" }
Instruction: Adding metadata StarterGui\Game\Tutorial\3/Content
Executing CreateFolder { folder: "StarterGui\\Game\\Tutorial\\3\\Content" }
Executing CreateFile { filename: "StarterGui\\Game\\Tutorial\\3\\Content\\init.meta.json" }
Instruction: Adding metadata StarterGui\Game\Tutorial\3\Content/Footer
Executing CreateFolder { folder: "StarterGui\\Game\\Tutorial\\3\\Content\\Footer" }
Executing CreateFile { filename: "StarterGui\\Game\\Tutorial\\3\\Content\\Footer\\init.meta.json" }
Instruction: Adding metadata StarterGui\Game\Tutorial\3\Content\Footer/Next
Executing CreateFolder { folder: "StarterGui\\Game\\Tutorial\\3\\Content\\Footer\\Next" }
Executing CreateFile { filename: "StarterGui\\Game\\Tutorial\\3\\Content\\Footer\\Next\\init.meta.json" }
Instruction: Adding Folder StarterGui\Game\Tutorial\3\Content\Footer\Next/Scripts
Executing CreateFolder { folder: "StarterGui\\Game\\Tutorial\\3\\Content\\Footer\\Next\\Scripts" }
Executing CreateFile { filename: "StarterGui\\Game\\Tutorial\\3\\Content\\Footer\\Next\\Scripts\\init.meta.json" }
Instruction: Adding LocalScript StarterGui\Game\Tutorial\3\Content\Footer\Next\Scripts/ExtendTextButtonLocalScript
Executing CreateFile { filename: "StarterGui\\Game\\Tutorial\\3\\Content\\Footer\\Next\\Scripts\\ExtendTextButtonLocalScript.client.luau" }
Instruction: Adding metadata StarterGui\Game\Tutorial\3\Content/Header
Executing CreateFolder { folder: "StarterGui\\Game\\Tutorial\\3\\Content\\Header" }
Executing CreateFile { filename: "StarterGui\\Game\\Tutorial\\3\\Content\\Header\\init.meta.json" }
Instruction: Adding metadata StarterGui\Game\Tutorial\3\Content\Header/Title
Executing CreateFolder { folder: "StarterGui\\Game\\Tutorial\\3\\Content\\Header\\Title" }
Executing CreateFile { filename: "StarterGui\\Game\\Tutorial\\3\\Content\\Header\\Title\\init.meta.json" }
Instruction: Adding Folder StarterGui\Game\Tutorial\3\Content\Header\Title/Scripts
Executing CreateFolder { folder: "StarterGui\\Game\\Tutorial\\3\\Content\\Header\\Title\\Scripts" }
Executing CreateFile { filename: "StarterGui\\Game\\Tutorial\\3\\Content\\Header\\Title\\Scripts\\init.meta.json" }
Instruction: Adding LocalScript StarterGui\Game\Tutorial\3\Content\Header\Title\Scripts/ExtendTextWithStrokeLocalScript
Executing CreateFile { filename: "StarterGui\\Game\\Tutorial\\3\\Content\\Header\\Title\\Scripts\\ExtendTextWithStrokeLocalScript.client.luau" }
Instruction: Adding metadata StarterGui\Game\Tutorial\3\Content/Body
Executing CreateFolder { folder: "StarterGui\\Game\\Tutorial\\3\\Content\\Body" }
Executing CreateFile { filename: "StarterGui\\Game\\Tutorial\\3\\Content\\Body\\init.meta.json" }
Instruction: Adding Folder StarterGui\Game\Tutorial\3\Content\Body/Scripts
Executing CreateFolder { folder: "StarterGui\\Game\\Tutorial\\3\\Content\\Body\\Scripts" }
Executing CreateFile { filename: "StarterGui\\Game\\Tutorial\\3\\Content\\Body\\Scripts\\init.meta.json" }
Instruction: Adding LocalScript StarterGui\Game\Tutorial\3\Content\Body\Scripts/ExtendTextLocalScript
Executing CreateFile { filename: "StarterGui\\Game\\Tutorial\\3\\Content\\Body\\Scripts\\ExtendTextLocalScript.client.luau" }
Instruction: Adding metadata StarterGui\Game\Tutorial/4
Executing CreateFolder { folder: "StarterGui\\Game\\Tutorial\\4" }
Executing CreateFile { filename: "StarterGui\\Game\\Tutorial\\4\\init.meta.json" }
Instruction: Adding metadata StarterGui\Game\Tutorial\4/Content
Executing CreateFolder { folder: "StarterGui\\Game\\Tutorial\\4\\Content" }
Executing CreateFile { filename: "StarterGui\\Game\\Tutorial\\4\\Content\\init.meta.json" }
Instruction: Adding metadata StarterGui\Game\Tutorial\4\Content/Footer
Executing CreateFolder { folder: "StarterGui\\Game\\Tutorial\\4\\Content\\Footer" }
Executing CreateFile { filename: "StarterGui\\Game\\Tutorial\\4\\Content\\Footer\\init.meta.json" }
Instruction: Adding metadata StarterGui\Game\Tutorial\4\Content\Footer/Next
Executing CreateFolder { folder: "StarterGui\\Game\\Tutorial\\4\\Content\\Footer\\Next" }
Executing CreateFile { filename: "StarterGui\\Game\\Tutorial\\4\\Content\\Footer\\Next\\init.meta.json" }
Instruction: Adding Folder StarterGui\Game\Tutorial\4\Content\Footer\Next/Scripts
Executing CreateFolder { folder: "StarterGui\\Game\\Tutorial\\4\\Content\\Footer\\Next\\Scripts" }
Executing CreateFile { filename: "StarterGui\\Game\\Tutorial\\4\\Content\\Footer\\Next\\Scripts\\init.meta.json" }
Instruction: Adding LocalScript StarterGui\Game\Tutorial\4\Content\Footer\Next\Scripts/ExtendTextButtonLocalScript
Executing CreateFile { filename: "StarterGui\\Game\\Tutorial\\4\\Content\\Footer\\Next\\Scripts\\ExtendTextButtonLocalScript.client.luau" }
Instruction: Adding metadata StarterGui\Game\Tutorial\4\Content/Header
Executing CreateFolder { folder: "StarterGui\\Game\\Tutorial\\4\\Content\\Header" }
Executing CreateFile { filename: "StarterGui\\Game\\Tutorial\\4\\Content\\Header\\init.meta.json" }
Instruction: Adding metadata StarterGui\Game\Tutorial\4\Content\Header/Title
Executing CreateFolder { folder: "StarterGui\\Game\\Tutorial\\4\\Content\\Header\\Title" }
Executing CreateFile { filename: "StarterGui\\Game\\Tutorial\\4\\Content\\Header\\Title\\init.meta.json" }
Instruction: Adding Folder StarterGui\Game\Tutorial\4\Content\Header\Title/Scripts
Executing CreateFolder { folder: "StarterGui\\Game\\Tutorial\\4\\Content\\Header\\Title\\Scripts" }
Executing CreateFile { filename: "StarterGui\\Game\\Tutorial\\4\\Content\\Header\\Title\\Scripts\\init.meta.json" }
Instruction: Adding LocalScript StarterGui\Game\Tutorial\4\Content\Header\Title\Scripts/ExtendTextWithStrokeLocalScript
Executing CreateFile { filename: "StarterGui\\Game\\Tutorial\\4\\Content\\Header\\Title\\Scripts\\ExtendTextWithStrokeLocalScript.client.luau" }
Instruction: Adding metadata StarterGui\Game\Tutorial\4\Content/Body
Executing CreateFolder { folder: "StarterGui\\Game\\Tutorial\\4\\Content\\Body" }
Executing CreateFile { filename: "StarterGui\\Game\\Tutorial\\4\\Content\\Body\\init.meta.json" }
Instruction: Adding Folder StarterGui\Game\Tutorial\4\Content\Body/Scripts
Executing CreateFolder { folder: "StarterGui\\Game\\Tutorial\\4\\Content\\Body\\Scripts" }
Executing CreateFile { filename: "StarterGui\\Game\\Tutorial\\4\\Content\\Body\\Scripts\\init.meta.json" }
Instruction: Adding LocalScript StarterGui\Game\Tutorial\4\Content\Body\Scripts/ExtendTextLocalScript
Executing CreateFile { filename: "StarterGui\\Game\\Tutorial\\4\\Content\\Body\\Scripts\\ExtendTextLocalScript.client.luau" }
Instruction: Adding metadata StarterGui\Game\Tutorial/5
Executing CreateFolder { folder: "StarterGui\\Game\\Tutorial\\5" }
Executing CreateFile { filename: "StarterGui\\Game\\Tutorial\\5\\init.meta.json" }
Instruction: Adding metadata StarterGui\Game\Tutorial\5/Content
Executing CreateFolder { folder: "StarterGui\\Game\\Tutorial\\5\\Content" }
Executing CreateFile { filename: "StarterGui\\Game\\Tutorial\\5\\Content\\init.meta.json" }
Instruction: Adding metadata StarterGui\Game\Tutorial\5\Content/Footer
Executing CreateFolder { folder: "StarterGui\\Game\\Tutorial\\5\\Content\\Footer" }
Executing CreateFile { filename: "StarterGui\\Game\\Tutorial\\5\\Content\\Footer\\init.meta.json" }
Instruction: Adding metadata StarterGui\Game\Tutorial\5\Content\Footer/Next
Executing CreateFolder { folder: "StarterGui\\Game\\Tutorial\\5\\Content\\Footer\\Next" }
Executing CreateFile { filename: "StarterGui\\Game\\Tutorial\\5\\Content\\Footer\\Next\\init.meta.json" }
Instruction: Adding Folder StarterGui\Game\Tutorial\5\Content\Footer\Next/Scripts
Executing CreateFolder { folder: "StarterGui\\Game\\Tutorial\\5\\Content\\Footer\\Next\\Scripts" }
Executing CreateFile { filename: "StarterGui\\Game\\Tutorial\\5\\Content\\Footer\\Next\\Scripts\\init.meta.json" }
Instruction: Adding LocalScript StarterGui\Game\Tutorial\5\Content\Footer\Next\Scripts/ExtendTextButtonLocalScript
Executing CreateFile { filename: "StarterGui\\Game\\Tutorial\\5\\Content\\Footer\\Next\\Scripts\\ExtendTextButtonLocalScript.client.luau" }
Instruction: Adding metadata StarterGui\Game\Tutorial\5\Content/Header
Executing CreateFolder { folder: "StarterGui\\Game\\Tutorial\\5\\Content\\Header" }
Executing CreateFile { filename: "StarterGui\\Game\\Tutorial\\5\\Content\\Header\\init.meta.json" }
Instruction: Adding metadata StarterGui\Game\Tutorial\5\Content\Header/Title
Executing CreateFolder { folder: "StarterGui\\Game\\Tutorial\\5\\Content\\Header\\Title" }
Executing CreateFile { filename: "StarterGui\\Game\\Tutorial\\5\\Content\\Header\\Title\\init.meta.json" }
Instruction: Adding Folder StarterGui\Game\Tutorial\5\Content\Header\Title/Scripts
Executing CreateFolder { folder: "StarterGui\\Game\\Tutorial\\5\\Content\\Header\\Title\\Scripts" }
Executing CreateFile { filename: "StarterGui\\Game\\Tutorial\\5\\Content\\Header\\Title\\Scripts\\init.meta.json" }
Instruction: Adding LocalScript StarterGui\Game\Tutorial\5\Content\Header\Title\Scripts/ExtendTextWithStrokeLocalScript
Executing CreateFile { filename: "StarterGui\\Game\\Tutorial\\5\\Content\\Header\\Title\\Scripts\\ExtendTextWithStrokeLocalScript.client.luau" }
Instruction: Adding metadata StarterGui\Game\Tutorial\5\Content/Body
Executing CreateFolder { folder: "StarterGui\\Game\\Tutorial\\5\\Content\\Body" }
Executing CreateFile { filename: "StarterGui\\Game\\Tutorial\\5\\Content\\Body\\init.meta.json" }
Instruction: Adding Folder StarterGui\Game\Tutorial\5\Content\Body/Scripts
Executing CreateFolder { folder: "StarterGui\\Game\\Tutorial\\5\\Content\\Body\\Scripts" }
Executing CreateFile { filename: "StarterGui\\Game\\Tutorial\\5\\Content\\Body\\Scripts\\init.meta.json" }
Instruction: Adding LocalScript StarterGui\Game\Tutorial\5\Content\Body\Scripts/ExtendTextLocalScript
Executing CreateFile { filename: "StarterGui\\Game\\Tutorial\\5\\Content\\Body\\Scripts\\ExtendTextLocalScript.client.luau" }
Instruction: Adding metadata StarterGui\Game\Tutorial/6
Executing CreateFolder { folder: "StarterGui\\Game\\Tutorial\\6" }
Executing CreateFile { filename: "StarterGui\\Game\\Tutorial\\6\\init.meta.json" }
Instruction: Adding metadata StarterGui\Game\Tutorial\6/Content
Executing CreateFolder { folder: "StarterGui\\Game\\Tutorial\\6\\Content" }
Executing CreateFile { filename: "StarterGui\\Game\\Tutorial\\6\\Content\\init.meta.json" }
Instruction: Adding metadata StarterGui\Game\Tutorial\6\Content/Footer
Executing CreateFolder { folder: "StarterGui\\Game\\Tutorial\\6\\Content\\Footer" }
Executing CreateFile { filename: "StarterGui\\Game\\Tutorial\\6\\Content\\Footer\\init.meta.json" }
Instruction: Adding metadata StarterGui\Game\Tutorial\6\Content\Footer/Next
Executing CreateFolder { folder: "StarterGui\\Game\\Tutorial\\6\\Content\\Footer\\Next" }
Executing CreateFile { filename: "StarterGui\\Game\\Tutorial\\6\\Content\\Footer\\Next\\init.meta.json" }
Instruction: Adding Folder StarterGui\Game\Tutorial\6\Content\Footer\Next/Scripts
Executing CreateFolder { folder: "StarterGui\\Game\\Tutorial\\6\\Content\\Footer\\Next\\Scripts" }
Executing CreateFile { filename: "StarterGui\\Game\\Tutorial\\6\\Content\\Footer\\Next\\Scripts\\init.meta.json" }
Instruction: Adding LocalScript StarterGui\Game\Tutorial\6\Content\Footer\Next\Scripts/ExtendTextButtonLocalScript
Executing CreateFile { filename: "StarterGui\\Game\\Tutorial\\6\\Content\\Footer\\Next\\Scripts\\ExtendTextButtonLocalScript.client.luau" }
Instruction: Adding metadata StarterGui\Game\Tutorial\6\Content/Header
Executing CreateFolder { folder: "StarterGui\\Game\\Tutorial\\6\\Content\\Header" }
Executing CreateFile { filename: "StarterGui\\Game\\Tutorial\\6\\Content\\Header\\init.meta.json" }
Instruction: Adding metadata StarterGui\Game\Tutorial\6\Content\Header/Title
Executing CreateFolder { folder: "StarterGui\\Game\\Tutorial\\6\\Content\\Header\\Title" }
Executing CreateFile { filename: "StarterGui\\Game\\Tutorial\\6\\Content\\Header\\Title\\init.meta.json" }
Instruction: Adding Folder StarterGui\Game\Tutorial\6\Content\Header\Title/Scripts
Executing CreateFolder { folder: "StarterGui\\Game\\Tutorial\\6\\Content\\Header\\Title\\Scripts" }
Executing CreateFile { filename: "StarterGui\\Game\\Tutorial\\6\\Content\\Header\\Title\\Scripts\\init.meta.json" }
Instruction: Adding LocalScript StarterGui\Game\Tutorial\6\Content\Header\Title\Scripts/ExtendTextWithStrokeLocalScript
Executing CreateFile { filename: "StarterGui\\Game\\Tutorial\\6\\Content\\Header\\Title\\Scripts\\ExtendTextWithStrokeLocalScript.client.luau" }
Instruction: Adding metadata StarterGui\Game\Tutorial\6\Content/Body
Executing CreateFolder { folder: "StarterGui\\Game\\Tutorial\\6\\Content\\Body" }
Executing CreateFile { filename: "StarterGui\\Game\\Tutorial\\6\\Content\\Body\\init.meta.json" }
Instruction: Adding Folder StarterGui\Game\Tutorial\6\Content\Body/Scripts
Executing CreateFolder { folder: "StarterGui\\Game\\Tutorial\\6\\Content\\Body\\Scripts" }
Executing CreateFile { filename: "StarterGui\\Game\\Tutorial\\6\\Content\\Body\\Scripts\\init.meta.json" }
Instruction: Adding LocalScript StarterGui\Game\Tutorial\6\Content\Body\Scripts/ExtendTextLocalScript
Executing CreateFile { filename: "StarterGui\\Game\\Tutorial\\6\\Content\\Body\\Scripts\\ExtendTextLocalScript.client.luau" }
Instruction: Adding metadata StarterGui\Game\Tutorial/7
Executing CreateFolder { folder: "StarterGui\\Game\\Tutorial\\7" }
Executing CreateFile { filename: "StarterGui\\Game\\Tutorial\\7\\init.meta.json" }
Instruction: Adding metadata StarterGui\Game\Tutorial\7/Content
Executing CreateFolder { folder: "StarterGui\\Game\\Tutorial\\7\\Content" }
Executing CreateFile { filename: "StarterGui\\Game\\Tutorial\\7\\Content\\init.meta.json" }
Instruction: Adding metadata StarterGui\Game\Tutorial\7\Content/Footer
Executing CreateFolder { folder: "StarterGui\\Game\\Tutorial\\7\\Content\\Footer" }
Executing CreateFile { filename: "StarterGui\\Game\\Tutorial\\7\\Content\\Footer\\init.meta.json" }
Instruction: Adding metadata StarterGui\Game\Tutorial\7\Content\Footer/Next
Executing CreateFolder { folder: "StarterGui\\Game\\Tutorial\\7\\Content\\Footer\\Next" }
Executing CreateFile { filename: "StarterGui\\Game\\Tutorial\\7\\Content\\Footer\\Next\\init.meta.json" }
Instruction: Adding Folder StarterGui\Game\Tutorial\7\Content\Footer\Next/Scripts
Executing CreateFolder { folder: "StarterGui\\Game\\Tutorial\\7\\Content\\Footer\\Next\\Scripts" }
Executing CreateFile { filename: "StarterGui\\Game\\Tutorial\\7\\Content\\Footer\\Next\\Scripts\\init.meta.json" }
Instruction: Adding LocalScript StarterGui\Game\Tutorial\7\Content\Footer\Next\Scripts/ExtendTextButtonLocalScript
Executing CreateFile { filename: "StarterGui\\Game\\Tutorial\\7\\Content\\Footer\\Next\\Scripts\\ExtendTextButtonLocalScript.client.luau" }
Instruction: Adding metadata StarterGui\Game\Tutorial\7\Content/Header
Executing CreateFolder { folder: "StarterGui\\Game\\Tutorial\\7\\Content\\Header" }
Executing CreateFile { filename: "StarterGui\\Game\\Tutorial\\7\\Content\\Header\\init.meta.json" }
Instruction: Adding metadata StarterGui\Game\Tutorial\7\Content\Header/Title
Executing CreateFolder { folder: "StarterGui\\Game\\Tutorial\\7\\Content\\Header\\Title" }
Executing CreateFile { filename: "StarterGui\\Game\\Tutorial\\7\\Content\\Header\\Title\\init.meta.json" }
Instruction: Adding Folder StarterGui\Game\Tutorial\7\Content\Header\Title/Scripts
Executing CreateFolder { folder: "StarterGui\\Game\\Tutorial\\7\\Content\\Header\\Title\\Scripts" }
Executing CreateFile { filename: "StarterGui\\Game\\Tutorial\\7\\Content\\Header\\Title\\Scripts\\init.meta.json" }
Instruction: Adding LocalScript StarterGui\Game\Tutorial\7\Content\Header\Title\Scripts/ExtendTextWithStrokeLocalScript
Executing CreateFile { filename: "StarterGui\\Game\\Tutorial\\7\\Content\\Header\\Title\\Scripts\\ExtendTextWithStrokeLocalScript.client.luau" }
Instruction: Adding metadata StarterGui\Game\Tutorial\7\Content/Body
Executing CreateFolder { folder: "StarterGui\\Game\\Tutorial\\7\\Content\\Body" }
Executing CreateFile { filename: "StarterGui\\Game\\Tutorial\\7\\Content\\Body\\init.meta.json" }
Instruction: Adding Folder StarterGui\Game\Tutorial\7\Content\Body/Scripts
Executing CreateFolder { folder: "StarterGui\\Game\\Tutorial\\7\\Content\\Body\\Scripts" }
Executing CreateFile { filename: "StarterGui\\Game\\Tutorial\\7\\Content\\Body\\Scripts\\init.meta.json" }
Instruction: Adding LocalScript StarterGui\Game\Tutorial\7\Content\Body\Scripts/ExtendTextLocalScript
Executing CreateFile { filename: "StarterGui\\Game\\Tutorial\\7\\Content\\Body\\Scripts\\ExtendTextLocalScript.client.luau" }
Instruction: Adding metadata StarterGui\Game\Tutorial/8
Executing CreateFolder { folder: "StarterGui\\Game\\Tutorial\\8" }
Executing CreateFile { filename: "StarterGui\\Game\\Tutorial\\8\\init.meta.json" }
Instruction: Adding metadata StarterGui\Game\Tutorial\8/Content
Executing CreateFolder { folder: "StarterGui\\Game\\Tutorial\\8\\Content" }
Executing CreateFile { filename: "StarterGui\\Game\\Tutorial\\8\\Content\\init.meta.json" }
Instruction: Adding metadata StarterGui\Game\Tutorial\8\Content/Footer
Executing CreateFolder { folder: "StarterGui\\Game\\Tutorial\\8\\Content\\Footer" }
Executing CreateFile { filename: "StarterGui\\Game\\Tutorial\\8\\Content\\Footer\\init.meta.json" }
Instruction: Adding metadata StarterGui\Game\Tutorial\8\Content\Footer/Next
Executing CreateFolder { folder: "StarterGui\\Game\\Tutorial\\8\\Content\\Footer\\Next" }
Executing CreateFile { filename: "StarterGui\\Game\\Tutorial\\8\\Content\\Footer\\Next\\init.meta.json" }
Instruction: Adding Folder StarterGui\Game\Tutorial\8\Content\Footer\Next/Scripts
Executing CreateFolder { folder: "StarterGui\\Game\\Tutorial\\8\\Content\\Footer\\Next\\Scripts" }
Executing CreateFile { filename: "StarterGui\\Game\\Tutorial\\8\\Content\\Footer\\Next\\Scripts\\init.meta.json" }
Instruction: Adding LocalScript StarterGui\Game\Tutorial\8\Content\Footer\Next\Scripts/ExtendTextButtonLocalScript
Executing CreateFile { filename: "StarterGui\\Game\\Tutorial\\8\\Content\\Footer\\Next\\Scripts\\ExtendTextButtonLocalScript.client.luau" }
Instruction: Adding metadata StarterGui\Game\Tutorial\8\Content/Header
Executing CreateFolder { folder: "StarterGui\\Game\\Tutorial\\8\\Content\\Header" }
Executing CreateFile { filename: "StarterGui\\Game\\Tutorial\\8\\Content\\Header\\init.meta.json" }
Instruction: Adding metadata StarterGui\Game\Tutorial\8\Content\Header/Title
Executing CreateFolder { folder: "StarterGui\\Game\\Tutorial\\8\\Content\\Header\\Title" }
Executing CreateFile { filename: "StarterGui\\Game\\Tutorial\\8\\Content\\Header\\Title\\init.meta.json" }
Instruction: Adding Folder StarterGui\Game\Tutorial\8\Content\Header\Title/Scripts
Executing CreateFolder { folder: "StarterGui\\Game\\Tutorial\\8\\Content\\Header\\Title\\Scripts" }
Executing CreateFile { filename: "StarterGui\\Game\\Tutorial\\8\\Content\\Header\\Title\\Scripts\\init.meta.json" }
Instruction: Adding LocalScript StarterGui\Game\Tutorial\8\Content\Header\Title\Scripts/ExtendTextWithStrokeLocalScript
Executing CreateFile { filename: "StarterGui\\Game\\Tutorial\\8\\Content\\Header\\Title\\Scripts\\ExtendTextWithStrokeLocalScript.client.luau" }
Instruction: Adding metadata StarterGui\Game\Tutorial\8\Content/Body
Executing CreateFolder { folder: "StarterGui\\Game\\Tutorial\\8\\Content\\Body" }
Executing CreateFile { filename: "StarterGui\\Game\\Tutorial\\8\\Content\\Body\\init.meta.json" }
Instruction: Adding Folder StarterGui\Game\Tutorial\8\Content\Body/Scripts
Executing CreateFolder { folder: "StarterGui\\Game\\Tutorial\\8\\Content\\Body\\Scripts" }
Executing CreateFile { filename: "StarterGui\\Game\\Tutorial\\8\\Content\\Body\\Scripts\\init.meta.json" }
Instruction: Adding LocalScript StarterGui\Game\Tutorial\8\Content\Body\Scripts/ExtendTextLocalScript
Executing CreateFile { filename: "StarterGui\\Game\\Tutorial\\8\\Content\\Body\\Scripts\\ExtendTextLocalScript.client.luau" }
Instruction: Adding metadata StarterGui\Game\Tutorial/9
Executing CreateFolder { folder: "StarterGui\\Game\\Tutorial\\9" }
Executing CreateFile { filename: "StarterGui\\Game\\Tutorial\\9\\init.meta.json" }
Instruction: Adding metadata StarterGui\Game\Tutorial\9/Content
Executing CreateFolder { folder: "StarterGui\\Game\\Tutorial\\9\\Content" }
Executing CreateFile { filename: "StarterGui\\Game\\Tutorial\\9\\Content\\init.meta.json" }
Instruction: Adding metadata StarterGui\Game\Tutorial\9\Content/Footer
Executing CreateFolder { folder: "StarterGui\\Game\\Tutorial\\9\\Content\\Footer" }
Executing CreateFile { filename: "StarterGui\\Game\\Tutorial\\9\\Content\\Footer\\init.meta.json" }
Instruction: Adding metadata StarterGui\Game\Tutorial\9\Content\Footer/Next
Executing CreateFolder { folder: "StarterGui\\Game\\Tutorial\\9\\Content\\Footer\\Next" }
Executing CreateFile { filename: "StarterGui\\Game\\Tutorial\\9\\Content\\Footer\\Next\\init.meta.json" }
Instruction: Adding Folder StarterGui\Game\Tutorial\9\Content\Footer\Next/Scripts
Executing CreateFolder { folder: "StarterGui\\Game\\Tutorial\\9\\Content\\Footer\\Next\\Scripts" }
Executing CreateFile { filename: "StarterGui\\Game\\Tutorial\\9\\Content\\Footer\\Next\\Scripts\\init.meta.json" }
Instruction: Adding LocalScript StarterGui\Game\Tutorial\9\Content\Footer\Next\Scripts/ExtendTextButtonLocalScript
Executing CreateFile { filename: "StarterGui\\Game\\Tutorial\\9\\Content\\Footer\\Next\\Scripts\\ExtendTextButtonLocalScript.client.luau" }
Instruction: Adding metadata StarterGui\Game\Tutorial\9\Content/Header
Executing CreateFolder { folder: "StarterGui\\Game\\Tutorial\\9\\Content\\Header" }
Executing CreateFile { filename: "StarterGui\\Game\\Tutorial\\9\\Content\\Header\\init.meta.json" }
Instruction: Adding metadata StarterGui\Game\Tutorial\9\Content\Header/Title
Executing CreateFolder { folder: "StarterGui\\Game\\Tutorial\\9\\Content\\Header\\Title" }
Executing CreateFile { filename: "StarterGui\\Game\\Tutorial\\9\\Content\\Header\\Title\\init.meta.json" }
Instruction: Adding Folder StarterGui\Game\Tutorial\9\Content\Header\Title/Scripts
Executing CreateFolder { folder: "StarterGui\\Game\\Tutorial\\9\\Content\\Header\\Title\\Scripts" }
Executing CreateFile { filename: "StarterGui\\Game\\Tutorial\\9\\Content\\Header\\Title\\Scripts\\init.meta.json" }
Instruction: Adding LocalScript StarterGui\Game\Tutorial\9\Content\Header\Title\Scripts/ExtendTextWithStrokeLocalScript
Executing CreateFile { filename: "StarterGui\\Game\\Tutorial\\9\\Content\\Header\\Title\\Scripts\\ExtendTextWithStrokeLocalScript.client.luau" }
Instruction: Adding metadata StarterGui\Game\Tutorial\9\Content/Body
Executing CreateFolder { folder: "StarterGui\\Game\\Tutorial\\9\\Content\\Body" }
Executing CreateFile { filename: "StarterGui\\Game\\Tutorial\\9\\Content\\Body\\init.meta.json" }
Instruction: Adding Folder StarterGui\Game\Tutorial\9\Content\Body/Scripts
Executing CreateFolder { folder: "StarterGui\\Game\\Tutorial\\9\\Content\\Body\\Scripts" }
Executing CreateFile { filename: "StarterGui\\Game\\Tutorial\\9\\Content\\Body\\Scripts\\init.meta.json" }
Instruction: Adding LocalScript StarterGui\Game\Tutorial\9\Content\Body\Scripts/ExtendTextLocalScript
Executing CreateFile { filename: "StarterGui\\Game\\Tutorial\\9\\Content\\Body\\Scripts\\ExtendTextLocalScript.client.luau" }
Instruction: Adding metadata StarterGui\Game\Tutorial/11
Executing CreateFolder { folder: "StarterGui\\Game\\Tutorial\\11" }
Executing CreateFile { filename: "StarterGui\\Game\\Tutorial\\11\\init.meta.json" }
Instruction: Adding metadata StarterGui\Game\Tutorial\11/Content
Executing CreateFolder { folder: "StarterGui\\Game\\Tutorial\\11\\Content" }
Executing CreateFile { filename: "StarterGui\\Game\\Tutorial\\11\\Content\\init.meta.json" }
Instruction: Adding metadata StarterGui\Game\Tutorial\11\Content/Footer
Executing CreateFolder { folder: "StarterGui\\Game\\Tutorial\\11\\Content\\Footer" }
Executing CreateFile { filename: "StarterGui\\Game\\Tutorial\\11\\Content\\Footer\\init.meta.json" }
Instruction: Adding metadata StarterGui\Game\Tutorial\11\Content\Footer/Next
Executing CreateFolder { folder: "StarterGui\\Game\\Tutorial\\11\\Content\\Footer\\Next" }
Executing CreateFile { filename: "StarterGui\\Game\\Tutorial\\11\\Content\\Footer\\Next\\init.meta.json" }
Instruction: Adding Folder StarterGui\Game\Tutorial\11\Content\Footer\Next/Scripts
Executing CreateFolder { folder: "StarterGui\\Game\\Tutorial\\11\\Content\\Footer\\Next\\Scripts" }
Executing CreateFile { filename: "StarterGui\\Game\\Tutorial\\11\\Content\\Footer\\Next\\Scripts\\init.meta.json" }
Instruction: Adding LocalScript StarterGui\Game\Tutorial\11\Content\Footer\Next\Scripts/ExtendTextButtonLocalScript
Executing CreateFile { filename: "StarterGui\\Game\\Tutorial\\11\\Content\\Footer\\Next\\Scripts\\ExtendTextButtonLocalScript.client.luau" }
Instruction: Adding metadata StarterGui\Game\Tutorial\11\Content/Header
Executing CreateFolder { folder: "StarterGui\\Game\\Tutorial\\11\\Content\\Header" }
Executing CreateFile { filename: "StarterGui\\Game\\Tutorial\\11\\Content\\Header\\init.meta.json" }
Instruction: Adding metadata StarterGui\Game\Tutorial\11\Content\Header/Title
Executing CreateFolder { folder: "StarterGui\\Game\\Tutorial\\11\\Content\\Header\\Title" }
Executing CreateFile { filename: "StarterGui\\Game\\Tutorial\\11\\Content\\Header\\Title\\init.meta.json" }
Instruction: Adding Folder StarterGui\Game\Tutorial\11\Content\Header\Title/Scripts
Executing CreateFolder { folder: "StarterGui\\Game\\Tutorial\\11\\Content\\Header\\Title\\Scripts" }
Executing CreateFile { filename: "StarterGui\\Game\\Tutorial\\11\\Content\\Header\\Title\\Scripts\\init.meta.json" }
Instruction: Adding LocalScript StarterGui\Game\Tutorial\11\Content\Header\Title\Scripts/ExtendTextWithStrokeLocalScript
Executing CreateFile { filename: "StarterGui\\Game\\Tutorial\\11\\Content\\Header\\Title\\Scripts\\ExtendTextWithStrokeLocalScript.client.luau" }
Instruction: Adding metadata StarterGui\Game\Tutorial\11\Content/Body
Executing CreateFolder { folder: "StarterGui\\Game\\Tutorial\\11\\Content\\Body" }
Executing CreateFile { filename: "StarterGui\\Game\\Tutorial\\11\\Content\\Body\\init.meta.json" }
Instruction: Adding Folder StarterGui\Game\Tutorial\11\Content\Body/Scripts
Executing CreateFolder { folder: "StarterGui\\Game\\Tutorial\\11\\Content\\Body\\Scripts" }
Executing CreateFile { filename: "StarterGui\\Game\\Tutorial\\11\\Content\\Body\\Scripts\\init.meta.json" }
Instruction: Adding LocalScript StarterGui\Game\Tutorial\11\Content\Body\Scripts/ExtendTextLocalScript
Executing CreateFile { filename: "StarterGui\\Game\\Tutorial\\11\\Content\\Body\\Scripts\\ExtendTextLocalScript.client.luau" }
Instruction: Adding metadata StarterGui\Game\Tutorial/10
Executing CreateFolder { folder: "StarterGui\\Game\\Tutorial\\10" }
Executing CreateFile { filename: "StarterGui\\Game\\Tutorial\\10\\init.meta.json" }
Instruction: Adding metadata StarterGui\Game\Tutorial\10/Content
Executing CreateFolder { folder: "StarterGui\\Game\\Tutorial\\10\\Content" }
Executing CreateFile { filename: "StarterGui\\Game\\Tutorial\\10\\Content\\init.meta.json" }
Instruction: Adding metadata StarterGui\Game\Tutorial\10\Content/Footer
Executing CreateFolder { folder: "StarterGui\\Game\\Tutorial\\10\\Content\\Footer" }
Executing CreateFile { filename: "StarterGui\\Game\\Tutorial\\10\\Content\\Footer\\init.meta.json" }
Instruction: Adding metadata StarterGui\Game\Tutorial\10\Content\Footer/Next
Executing CreateFolder { folder: "StarterGui\\Game\\Tutorial\\10\\Content\\Footer\\Next" }
Executing CreateFile { filename: "StarterGui\\Game\\Tutorial\\10\\Content\\Footer\\Next\\init.meta.json" }
Instruction: Adding Folder StarterGui\Game\Tutorial\10\Content\Footer\Next/Scripts
Executing CreateFolder { folder: "StarterGui\\Game\\Tutorial\\10\\Content\\Footer\\Next\\Scripts" }
Executing CreateFile { filename: "StarterGui\\Game\\Tutorial\\10\\Content\\Footer\\Next\\Scripts\\init.meta.json" }
Instruction: Adding LocalScript StarterGui\Game\Tutorial\10\Content\Footer\Next\Scripts/ExtendTextButtonLocalScript
Executing CreateFile { filename: "StarterGui\\Game\\Tutorial\\10\\Content\\Footer\\Next\\Scripts\\ExtendTextButtonLocalScript.client.luau" }
Instruction: Adding metadata StarterGui\Game\Tutorial\10\Content/Header
Executing CreateFolder { folder: "StarterGui\\Game\\Tutorial\\10\\Content\\Header" }
Executing CreateFile { filename: "StarterGui\\Game\\Tutorial\\10\\Content\\Header\\init.meta.json" }
Instruction: Adding metadata StarterGui\Game\Tutorial\10\Content\Header/Title
Executing CreateFolder { folder: "StarterGui\\Game\\Tutorial\\10\\Content\\Header\\Title" }
Executing CreateFile { filename: "StarterGui\\Game\\Tutorial\\10\\Content\\Header\\Title\\init.meta.json" }
Instruction: Adding Folder StarterGui\Game\Tutorial\10\Content\Header\Title/Scripts
Executing CreateFolder { folder: "StarterGui\\Game\\Tutorial\\10\\Content\\Header\\Title\\Scripts" }
Executing CreateFile { filename: "StarterGui\\Game\\Tutorial\\10\\Content\\Header\\Title\\Scripts\\init.meta.json" }
Instruction: Adding LocalScript StarterGui\Game\Tutorial\10\Content\Header\Title\Scripts/ExtendTextWithStrokeLocalScript
Executing CreateFile { filename: "StarterGui\\Game\\Tutorial\\10\\Content\\Header\\Title\\Scripts\\ExtendTextWithStrokeLocalScript.client.luau" }
Instruction: Adding metadata StarterGui\Game\Tutorial\10\Content/Body
Executing CreateFolder { folder: "StarterGui\\Game\\Tutorial\\10\\Content\\Body" }
Executing CreateFile { filename: "StarterGui\\Game\\Tutorial\\10\\Content\\Body\\init.meta.json" }
Instruction: Adding Folder StarterGui\Game\Tutorial\10\Content\Body/Scripts
Executing CreateFolder { folder: "StarterGui\\Game\\Tutorial\\10\\Content\\Body\\Scripts" }
Executing CreateFile { filename: "StarterGui\\Game\\Tutorial\\10\\Content\\Body\\Scripts\\init.meta.json" }
Instruction: Adding LocalScript StarterGui\Game\Tutorial\10\Content\Body\Scripts/ExtendTextLocalScript
Executing CreateFile { filename: "StarterGui\\Game\\Tutorial\\10\\Content\\Body\\Scripts\\ExtendTextLocalScript.client.luau" }
Instruction: Adding metadata StarterGui\Game\Tutorial/12
Executing CreateFolder { folder: "StarterGui\\Game\\Tutorial\\12" }
Executing CreateFile { filename: "StarterGui\\Game\\Tutorial\\12\\init.meta.json" }
Instruction: Adding metadata StarterGui\Game\Tutorial\12/Content
Executing CreateFolder { folder: "StarterGui\\Game\\Tutorial\\12\\Content" }
Executing CreateFile { filename: "StarterGui\\Game\\Tutorial\\12\\Content\\init.meta.json" }
Instruction: Adding metadata StarterGui\Game\Tutorial\12\Content/Footer
Executing CreateFolder { folder: "StarterGui\\Game\\Tutorial\\12\\Content\\Footer" }
Executing CreateFile { filename: "StarterGui\\Game\\Tutorial\\12\\Content\\Footer\\init.meta.json" }
Instruction: Adding metadata StarterGui\Game\Tutorial\12\Content\Footer/Next
Executing CreateFolder { folder: "StarterGui\\Game\\Tutorial\\12\\Content\\Footer\\Next" }
Executing CreateFile { filename: "StarterGui\\Game\\Tutorial\\12\\Content\\Footer\\Next\\init.meta.json" }
Instruction: Adding Folder StarterGui\Game\Tutorial\12\Content\Footer\Next/Scripts
Executing CreateFolder { folder: "StarterGui\\Game\\Tutorial\\12\\Content\\Footer\\Next\\Scripts" }
Executing CreateFile { filename: "StarterGui\\Game\\Tutorial\\12\\Content\\Footer\\Next\\Scripts\\init.meta.json" }
Instruction: Adding LocalScript StarterGui\Game\Tutorial\12\Content\Footer\Next\Scripts/ExtendTextButtonLocalScript
Executing CreateFile { filename: "StarterGui\\Game\\Tutorial\\12\\Content\\Footer\\Next\\Scripts\\ExtendTextButtonLocalScript.client.luau" }
Instruction: Adding metadata StarterGui\Game\Tutorial\12\Content/Header
Executing CreateFolder { folder: "StarterGui\\Game\\Tutorial\\12\\Content\\Header" }
Executing CreateFile { filename: "StarterGui\\Game\\Tutorial\\12\\Content\\Header\\init.meta.json" }
Instruction: Adding metadata StarterGui\Game\Tutorial\12\Content\Header/Title
Executing CreateFolder { folder: "StarterGui\\Game\\Tutorial\\12\\Content\\Header\\Title" }
Executing CreateFile { filename: "StarterGui\\Game\\Tutorial\\12\\Content\\Header\\Title\\init.meta.json" }
Instruction: Adding Folder StarterGui\Game\Tutorial\12\Content\Header\Title/Scripts
Executing CreateFolder { folder: "StarterGui\\Game\\Tutorial\\12\\Content\\Header\\Title\\Scripts" }
Executing CreateFile { filename: "StarterGui\\Game\\Tutorial\\12\\Content\\Header\\Title\\Scripts\\init.meta.json" }
Instruction: Adding LocalScript StarterGui\Game\Tutorial\12\Content\Header\Title\Scripts/ExtendTextWithStrokeLocalScript
Executing CreateFile { filename: "StarterGui\\Game\\Tutorial\\12\\Content\\Header\\Title\\Scripts\\ExtendTextWithStrokeLocalScript.client.luau" }
Instruction: Adding metadata StarterGui\Game\Tutorial\12\Content/Body
Executing CreateFolder { folder: "StarterGui\\Game\\Tutorial\\12\\Content\\Body" }
Executing CreateFile { filename: "StarterGui\\Game\\Tutorial\\12\\Content\\Body\\init.meta.json" }
Instruction: Adding Folder StarterGui\Game\Tutorial\12\Content\Body/Scripts
Executing CreateFolder { folder: "StarterGui\\Game\\Tutorial\\12\\Content\\Body\\Scripts" }
Executing CreateFile { filename: "StarterGui\\Game\\Tutorial\\12\\Content\\Body\\Scripts\\init.meta.json" }
Instruction: Adding LocalScript StarterGui\Game\Tutorial\12\Content\Body\Scripts/ExtendTextLocalScript
Executing CreateFile { filename: "StarterGui\\Game\\Tutorial\\12\\Content\\Body\\Scripts\\ExtendTextLocalScript.client.luau" }
Instruction: Adding metadata StarterGui/Disclaimers
Executing CreateFolder { folder: "StarterGui\\Disclaimers" }
Executing CreateFile { filename: "StarterGui\\Disclaimers\\init.meta.json" }
Instruction: Adding metadata StarterGui\Disclaimers/Disclaimer
Executing CreateFolder { folder: "StarterGui\\Disclaimers\\Disclaimer" }
Executing CreateFile { filename: "StarterGui\\Disclaimers\\Disclaimer\\init.meta.json" }
Instruction: Adding LocalScript StarterGui\Disclaimers\Disclaimer/DisclaimerLocalCore
Executing CreateFile { filename: "StarterGui\\Disclaimers\\Disclaimer\\DisclaimerLocalCore.client.luau" }
Instruction: Adding metadata StarterGui\Disclaimers/Mobile
Executing CreateFolder { folder: "StarterGui\\Disclaimers\\Mobile" }
Executing CreateFile { filename: "StarterGui\\Disclaimers\\Mobile\\init.meta.json" }
Instruction: Adding LocalScript StarterGui\Disclaimers\Mobile/MobileLocalCore
Executing CreateFile { filename: "StarterGui\\Disclaimers\\Mobile\\MobileLocalCore.client.luau" }
Instruction: Adding metadata /ReplicatedStorage
Executing AddToTree { name: "ReplicatedStorage" }
Executing CreateFolder { folder: "ReplicatedStorage" }
Instruction: Adding Folder ReplicatedStorage/Modules
Executing CreateFolder { folder: "ReplicatedStorage\\Modules" }
Executing CreateFile { filename: "ReplicatedStorage\\Modules\\init.meta.json" }
Instruction: Adding ModuleScript ReplicatedStorage\Modules/GameData
Executing CreateFile { filename: "ReplicatedStorage\\Modules\\GameData.luau" }
Instruction: Adding ModuleScript ReplicatedStorage\Modules/Slider
Executing CreateFolder { folder: "ReplicatedStorage\\Modules\\Slider" }
Executing CreateFile { filename: "ReplicatedStorage\\Modules\\Slider\\init.luau" }
Instruction: Adding Folder ReplicatedStorage\Modules\Slider/Utils
Executing CreateFolder { folder: "ReplicatedStorage\\Modules\\Slider\\Utils" }
Executing CreateFile { filename: "ReplicatedStorage\\Modules\\Slider\\Utils\\init.meta.json" }
Instruction: Adding ModuleScript ReplicatedStorage\Modules\Slider\Utils/Signal
Executing CreateFile { filename: "ReplicatedStorage\\Modules\\Slider\\Utils\\Signal.luau" }
Instruction: Adding ModuleScript ReplicatedStorage\Modules\Slider\Utils/SliderFuncs
Executing CreateFile { filename: "ReplicatedStorage\\Modules\\Slider\\Utils\\SliderFuncs.luau" }
Instruction: Adding ModuleScript ReplicatedStorage\Modules/Permissions
Executing CreateFile { filename: "ReplicatedStorage\\Modules\\Permissions.luau" }
Instruction: Adding ModuleScript ReplicatedStorage\Modules/UserInterfaceData
Executing CreateFile { filename: "ReplicatedStorage\\Modules\\UserInterfaceData.luau" }
Instruction: Adding ModuleScript ReplicatedStorage/PlayersListPlus
Executing CreateFolder { folder: "ReplicatedStorage\\PlayersListPlus" }
Executing CreateFile { filename: "ReplicatedStorage\\PlayersListPlus\\init.luau" }
Executing CreateFile { filename: "ReplicatedStorage\\PlayersListPlus\\init.meta.json" }
Instruction: Adding Folder ReplicatedStorage\PlayersListPlus/Animations
Executing CreateFolder { folder: "ReplicatedStorage\\PlayersListPlus\\Animations" }
Executing CreateFile { filename: "ReplicatedStorage\\PlayersListPlus\\Animations\\init.meta.json" }
Instruction: Adding ModuleScript ReplicatedStorage\PlayersListPlus\Animations/RainbowGradient
Executing CreateFile { filename: "ReplicatedStorage\\PlayersListPlus\\Animations\\RainbowGradient.luau" }
Executing CreateFile { filename: "ReplicatedStorage\\PlayersListPlus\\Animations\\RainbowGradient.meta.json" }
Instruction: Adding ModuleScript ReplicatedStorage\PlayersListPlus\Animations/Golden
Executing CreateFile { filename: "ReplicatedStorage\\PlayersListPlus\\Animations\\Golden.luau" }
Executing CreateFile { filename: "ReplicatedStorage\\PlayersListPlus\\Animations\\Golden.meta.json" }
Instruction: Adding ModuleScript ReplicatedStorage\PlayersListPlus\Animations/ShinyGradient
Executing CreateFile { filename: "ReplicatedStorage\\PlayersListPlus\\Animations\\ShinyGradient.luau" }
Executing CreateFile { filename: "ReplicatedStorage\\PlayersListPlus\\Animations\\ShinyGradient.meta.json" }
Instruction: Adding Folder ReplicatedStorage\PlayersListPlus/Modules
Executing CreateFolder { folder: "ReplicatedStorage\\PlayersListPlus\\Modules" }
Executing CreateFile { filename: "ReplicatedStorage\\PlayersListPlus\\Modules\\init.meta.json" }
Instruction: Adding ModuleScript ReplicatedStorage\PlayersListPlus\Modules/SelectPlayer
Executing CreateFile { filename: "ReplicatedStorage\\PlayersListPlus\\Modules\\SelectPlayer.luau" }
Instruction: Adding ModuleScript ReplicatedStorage\PlayersListPlus\Modules/Abbreviation
Executing CreateFile { filename: "ReplicatedStorage\\PlayersListPlus\\Modules\\Abbreviation.luau" }
Instruction: Adding ModuleScript ReplicatedStorage\PlayersListPlus\Modules/GetCustomIcon
Executing CreateFile { filename: "ReplicatedStorage\\PlayersListPlus\\Modules\\GetCustomIcon.luau" }
Instruction: Adding ModuleScript ReplicatedStorage\PlayersListPlus\Modules/GetSize
Executing CreateFile { filename: "ReplicatedStorage\\PlayersListPlus\\Modules\\GetSize.luau" }
Instruction: Adding ModuleScript ReplicatedStorage\PlayersListPlus\Modules/GetCustomTag
Executing CreateFile { filename: "ReplicatedStorage\\PlayersListPlus\\Modules\\GetCustomTag.luau" }
Instruction: Adding ModuleScript ReplicatedStorage\PlayersListPlus\Modules/GetPermissions
Executing CreateFile { filename: "ReplicatedStorage\\PlayersListPlus\\Modules\\GetPermissions.luau" }
Instruction: Adding metadata /ServerScriptService
Executing AddToTree { name: "ServerScriptService" }
Executing CreateFolder { folder: "ServerScriptService" }
Instruction: Adding Folder ServerScriptService/Commands
Executing CreateFolder { folder: "ServerScriptService\\Commands" }
Executing CreateFile { filename: "ServerScriptService\\Commands\\init.meta.json" }
Instruction: Adding Script ServerScriptService\Commands/CommandHandler
Executing CreateFolder { folder: "ServerScriptService\\Commands\\CommandHandler" }
Executing CreateFile { filename: "ServerScriptService\\Commands\\CommandHandler\\init.server.luau" }
Instruction: Adding Folder ServerScriptService\Commands\CommandHandler/Hooks
Executing CreateFolder { folder: "ServerScriptService\\Commands\\CommandHandler\\Hooks" }
Executing CreateFile { filename: "ServerScriptService\\Commands\\CommandHandler\\Hooks\\init.meta.json" }
Instruction: Adding ModuleScript ServerScriptService\Commands\CommandHandler\Hooks/BeforeRun
Executing CreateFile { filename: "ServerScriptService\\Commands\\CommandHandler\\Hooks\\BeforeRun.luau" }
Instruction: Adding Folder ServerScriptService\Commands\CommandHandler/CustomCommands
Executing CreateFolder { folder: "ServerScriptService\\Commands\\CommandHandler\\CustomCommands" }
Executing CreateFile { filename: "ServerScriptService\\Commands\\CommandHandler\\CustomCommands\\init.meta.json" }
Instruction: Adding Folder ServerScriptService\Commands\CommandHandler\CustomCommands/Developer
Executing CreateFolder { folder: "ServerScriptService\\Commands\\CommandHandler\\CustomCommands\\Developer" }
Executing CreateFile { filename: "ServerScriptService\\Commands\\CommandHandler\\CustomCommands\\Developer\\init.meta.json" }
Instruction: Adding ModuleScript ServerScriptService\Commands\CommandHandler\CustomCommands\Developer/shutdown
Executing CreateFile { filename: "ServerScriptService\\Commands\\CommandHandler\\CustomCommands\\Developer\\shutdown.luau" }
Instruction: Adding ModuleScript ServerScriptService\Commands\CommandHandler\CustomCommands\Developer/shutdownServer
Executing CreateFile { filename: "ServerScriptService\\Commands\\CommandHandler\\CustomCommands\\Developer\\shutdownServer.luau" }
Instruction: Adding ModuleScript ServerScriptService\Commands\CommandHandler\CustomCommands\Developer/currency
Executing CreateFile { filename: "ServerScriptService\\Commands\\CommandHandler\\CustomCommands\\Developer\\currency.luau" }
Instruction: Adding ModuleScript ServerScriptService\Commands\CommandHandler\CustomCommands\Developer/currencyServer
Executing CreateFile { filename: "ServerScriptService\\Commands\\CommandHandler\\CustomCommands\\Developer\\currencyServer.luau" }
Instruction: Adding ModuleScript ServerScriptService\Commands\CommandHandler\CustomCommands\Developer/ocurrency
Executing CreateFile { filename: "ServerScriptService\\Commands\\CommandHandler\\CustomCommands\\Developer\\ocurrency.luau" }
Instruction: Adding ModuleScript ServerScriptService\Commands\CommandHandler\CustomCommands\Developer/ocurrencyServer
Executing CreateFile { filename: "ServerScriptService\\Commands\\CommandHandler\\CustomCommands\\Developer\\ocurrencyServer.luau" }
Instruction: Adding ModuleScript ServerScriptService\Commands\CommandHandler\CustomCommands\Developer/regenlevel
Executing CreateFile { filename: "ServerScriptService\\Commands\\CommandHandler\\CustomCommands\\Developer\\regenlevel.luau" }
Instruction: Adding ModuleScript ServerScriptService\Commands\CommandHandler\CustomCommands\Developer/regenlevelServer
Executing CreateFile { filename: "ServerScriptService\\Commands\\CommandHandler\\CustomCommands\\Developer\\regenlevelServer.luau" }
Instruction: Adding ModuleScript ServerScriptService\Commands\CommandHandler\CustomCommands\Developer/awardbadgeServer
Executing CreateFile { filename: "ServerScriptService\\Commands\\CommandHandler\\CustomCommands\\Developer\\awardbadgeServer.luau" }
Instruction: Adding ModuleScript ServerScriptService\Commands\CommandHandler\CustomCommands\Developer/awardbadge
Executing CreateFile { filename: "ServerScriptService\\Commands\\CommandHandler\\CustomCommands\\Developer\\awardbadge.luau" }
Instruction: Adding ModuleScript ServerScriptService\Commands\CommandHandler\CustomCommands\Developer/playtimelimit
Executing CreateFile { filename: "ServerScriptService\\Commands\\CommandHandler\\CustomCommands\\Developer\\playtimelimit.luau" }
Instruction: Adding ModuleScript ServerScriptService\Commands\CommandHandler\CustomCommands\Developer/playtimelimitServer
Executing CreateFile { filename: "ServerScriptService\\Commands\\CommandHandler\\CustomCommands\\Developer\\playtimelimitServer.luau" }
Instruction: Adding ModuleScript ServerScriptService\Commands\CommandHandler\CustomCommands\Developer/getdata
Executing CreateFile { filename: "ServerScriptService\\Commands\\CommandHandler\\CustomCommands\\Developer\\getdata.luau" }
Instruction: Adding ModuleScript ServerScriptService\Commands\CommandHandler\CustomCommands\Developer/getdataServer
Executing CreateFile { filename: "ServerScriptService\\Commands\\CommandHandler\\CustomCommands\\Developer\\getdataServer.luau" }
Instruction: Adding ModuleScript ServerScriptService\Commands\CommandHandler\CustomCommands\Developer/getattributes
Executing CreateFile { filename: "ServerScriptService\\Commands\\CommandHandler\\CustomCommands\\Developer\\getattributes.luau" }
Instruction: Adding ModuleScript ServerScriptService\Commands\CommandHandler\CustomCommands\Developer/getattributesServer
Executing CreateFile { filename: "ServerScriptService\\Commands\\CommandHandler\\CustomCommands\\Developer\\getattributesServer.luau" }
Instruction: Adding ModuleScript ServerScriptService\Commands\CommandHandler\CustomCommands\Developer/globalannounceServer
Executing CreateFile { filename: "ServerScriptService\\Commands\\CommandHandler\\CustomCommands\\Developer\\globalannounceServer.luau" }
Instruction: Adding ModuleScript ServerScriptService\Commands\CommandHandler\CustomCommands\Developer/globalannounce
Executing CreateFile { filename: "ServerScriptService\\Commands\\CommandHandler\\CustomCommands\\Developer\\globalannounce.luau" }
Instruction: Adding Folder ServerScriptService\Commands\CommandHandler\CustomCommands/Moderator
Executing CreateFolder { folder: "ServerScriptService\\Commands\\CommandHandler\\CustomCommands\\Moderator" }
Executing CreateFile { filename: "ServerScriptService\\Commands\\CommandHandler\\CustomCommands\\Moderator\\init.meta.json" }
Instruction: Adding ModuleScript ServerScriptService\Commands\CommandHandler\CustomCommands\Moderator/pban
Executing CreateFile { filename: "ServerScriptService\\Commands\\CommandHandler\\CustomCommands\\Moderator\\pban.luau" }
Instruction: Adding ModuleScript ServerScriptService\Commands\CommandHandler\CustomCommands\Moderator/opban
Executing CreateFile { filename: "ServerScriptService\\Commands\\CommandHandler\\CustomCommands\\Moderator\\opban.luau" }
Instruction: Adding ModuleScript ServerScriptService\Commands\CommandHandler\CustomCommands\Moderator/tban
Executing CreateFile { filename: "ServerScriptService\\Commands\\CommandHandler\\CustomCommands\\Moderator\\tban.luau" }
Instruction: Adding ModuleScript ServerScriptService\Commands\CommandHandler\CustomCommands\Moderator/tbanServer
Executing CreateFile { filename: "ServerScriptService\\Commands\\CommandHandler\\CustomCommands\\Moderator\\tbanServer.luau" }
Instruction: Adding ModuleScript ServerScriptService\Commands\CommandHandler\CustomCommands\Moderator/opbanServer
Executing CreateFile { filename: "ServerScriptService\\Commands\\CommandHandler\\CustomCommands\\Moderator\\opbanServer.luau" }
Instruction: Adding ModuleScript ServerScriptService\Commands\CommandHandler\CustomCommands\Moderator/otban
Executing CreateFile { filename: "ServerScriptService\\Commands\\CommandHandler\\CustomCommands\\Moderator\\otban.luau" }
Instruction: Adding ModuleScript ServerScriptService\Commands\CommandHandler\CustomCommands\Moderator/otbanServer
Executing CreateFile { filename: "ServerScriptService\\Commands\\CommandHandler\\CustomCommands\\Moderator\\otbanServer.luau" }
Instruction: Adding ModuleScript ServerScriptService\Commands\CommandHandler\CustomCommands\Moderator/pbanServer
Executing CreateFile { filename: "ServerScriptService\\Commands\\CommandHandler\\CustomCommands\\Moderator\\pbanServer.luau" }
Instruction: Adding ModuleScript ServerScriptService\Commands\CommandHandler\CustomCommands\Moderator/showhistory
Executing CreateFile { filename: "ServerScriptService\\Commands\\CommandHandler\\CustomCommands\\Moderator\\showhistory.luau" }
Instruction: Adding ModuleScript ServerScriptService\Commands\CommandHandler\CustomCommands\Moderator/showhistoryServer
Executing CreateFile { filename: "ServerScriptService\\Commands\\CommandHandler\\CustomCommands\\Moderator\\showhistoryServer.luau" }
Instruction: Adding ModuleScript ServerScriptService\Commands\CommandHandler\CustomCommands\Moderator/oshowhistory
Executing CreateFile { filename: "ServerScriptService\\Commands\\CommandHandler\\CustomCommands\\Moderator\\oshowhistory.luau" }
Instruction: Adding ModuleScript ServerScriptService\Commands\CommandHandler\CustomCommands\Moderator/oshowhistoryServer
Executing CreateFile { filename: "ServerScriptService\\Commands\\CommandHandler\\CustomCommands\\Moderator\\oshowhistoryServer.luau" }
Instruction: Adding ModuleScript ServerScriptService\Commands\CommandHandler\CustomCommands\Moderator/kick
Executing CreateFile { filename: "ServerScriptService\\Commands\\CommandHandler\\CustomCommands\\Moderator\\kick.luau" }
Instruction: Adding ModuleScript ServerScriptService\Commands\CommandHandler\CustomCommands\Moderator/kickServer
Executing CreateFile { filename: "ServerScriptService\\Commands\\CommandHandler\\CustomCommands\\Moderator\\kickServer.luau" }
Instruction: Adding ModuleScript ServerScriptService\Commands\CommandHandler\CustomCommands\Moderator/owipehistoryServer
Executing CreateFile { filename: "ServerScriptService\\Commands\\CommandHandler\\CustomCommands\\Moderator\\owipehistoryServer.luau" }
Instruction: Adding ModuleScript ServerScriptService\Commands\CommandHandler\CustomCommands\Moderator/unban
Executing CreateFile { filename: "ServerScriptService\\Commands\\CommandHandler\\CustomCommands\\Moderator\\unban.luau" }
Instruction: Adding ModuleScript ServerScriptService\Commands\CommandHandler\CustomCommands\Moderator/unbanServer
Executing CreateFile { filename: "ServerScriptService\\Commands\\CommandHandler\\CustomCommands\\Moderator\\unbanServer.luau" }
Instruction: Adding ModuleScript ServerScriptService\Commands\CommandHandler\CustomCommands\Moderator/wipehistory
Executing CreateFile { filename: "ServerScriptService\\Commands\\CommandHandler\\CustomCommands\\Moderator\\wipehistory.luau" }
Instruction: Adding ModuleScript ServerScriptService\Commands\CommandHandler\CustomCommands\Moderator/wipehistoryServer
Executing CreateFile { filename: "ServerScriptService\\Commands\\CommandHandler\\CustomCommands\\Moderator\\wipehistoryServer.luau" }
Instruction: Adding ModuleScript ServerScriptService\Commands\CommandHandler\CustomCommands\Moderator/owipehistory
Executing CreateFile { filename: "ServerScriptService\\Commands\\CommandHandler\\CustomCommands\\Moderator\\owipehistory.luau" }
Instruction: Adding Folder ServerScriptService\Commands\CommandHandler\CustomCommands/Server Owner
Executing CreateFolder { folder: "ServerScriptService\\Commands\\CommandHandler\\CustomCommands\\Server Owner" }
Executing CreateFile { filename: "ServerScriptService\\Commands\\CommandHandler\\CustomCommands\\Server Owner\\init.meta.json" }
Instruction: Adding ModuleScript ServerScriptService\Commands\CommandHandler\CustomCommands\Server Owner/announce
Executing CreateFile { filename: "ServerScriptService\\Commands\\CommandHandler\\CustomCommands\\Server Owner\\announce.luau" }
Instruction: Adding ModuleScript ServerScriptService\Commands\CommandHandler\CustomCommands\Server Owner/version
Executing CreateFile { filename: "ServerScriptService\\Commands\\CommandHandler\\CustomCommands\\Server Owner\\version.luau" }
Instruction: Adding ModuleScript ServerScriptService\Commands\CommandHandler\CustomCommands\Server Owner/unsbanServer
Executing CreateFile { filename: "ServerScriptService\\Commands\\CommandHandler\\CustomCommands\\Server Owner\\unsbanServer.luau" }
Instruction: Adding ModuleScript ServerScriptService\Commands\CommandHandler\CustomCommands\Server Owner/unsban
Executing CreateFile { filename: "ServerScriptService\\Commands\\CommandHandler\\CustomCommands\\Server Owner\\unsban.luau" }
Instruction: Adding ModuleScript ServerScriptService\Commands\CommandHandler\CustomCommands\Server Owner/teleportServer
Executing CreateFile { filename: "ServerScriptService\\Commands\\CommandHandler\\CustomCommands\\Server Owner\\teleportServer.luau" }
Instruction: Adding ModuleScript ServerScriptService\Commands\CommandHandler\CustomCommands\Server Owner/teleport
Executing CreateFile { filename: "ServerScriptService\\Commands\\CommandHandler\\CustomCommands\\Server Owner\\teleport.luau" }
Instruction: Adding ModuleScript ServerScriptService\Commands\CommandHandler\CustomCommands\Server Owner/sbanServer
Executing CreateFile { filename: "ServerScriptService\\Commands\\CommandHandler\\CustomCommands\\Server Owner\\sbanServer.luau" }
Instruction: Adding ModuleScript ServerScriptService\Commands\CommandHandler\CustomCommands\Server Owner/sban
Executing CreateFile { filename: "ServerScriptService\\Commands\\CommandHandler\\CustomCommands\\Server Owner\\sban.luau" }
Instruction: Adding ModuleScript ServerScriptService\Commands\CommandHandler\CustomCommands\Server Owner/respawnServer
Executing CreateFile { filename: "ServerScriptService\\Commands\\CommandHandler\\CustomCommands\\Server Owner\\respawnServer.luau" }
Instruction: Adding ModuleScript ServerScriptService\Commands\CommandHandler\CustomCommands\Server Owner/respawn
Executing CreateFile { filename: "ServerScriptService\\Commands\\CommandHandler\\CustomCommands\\Server Owner\\respawn.luau" }
Instruction: Adding ModuleScript ServerScriptService\Commands\CommandHandler\CustomCommands\Server Owner/help
Executing CreateFile { filename: "ServerScriptService\\Commands\\CommandHandler\\CustomCommands\\Server Owner\\help.luau" }
Instruction: Adding ModuleScript ServerScriptService\Commands\CommandHandler\CustomCommands\Server Owner/announceServer
Executing CreateFile { filename: "ServerScriptService\\Commands\\CommandHandler\\CustomCommands\\Server Owner\\announceServer.luau" }
Instruction: Adding ModuleScript ServerScriptService\Commands\CommandHandler/Cmdr
Executing CreateFolder { folder: "ServerScriptService\\Commands\\CommandHandler\\Cmdr" }
Executing CreateFile { filename: "ServerScriptService\\Commands\\CommandHandler\\Cmdr\\init.luau" }
Instruction: Adding Folder ServerScriptService\Commands\CommandHandler\Cmdr/BuiltInCommands
Executing CreateFolder { folder: "ServerScriptService\\Commands\\CommandHandler\\Cmdr\\BuiltInCommands" }
Executing CreateFile { filename: "ServerScriptService\\Commands\\CommandHandler\\Cmdr\\BuiltInCommands\\init.meta.json" }
Instruction: Adding Folder ServerScriptService\Commands\CommandHandler\Cmdr\BuiltInCommands/Admin
Executing CreateFolder { folder: "ServerScriptService\\Commands\\CommandHandler\\Cmdr\\BuiltInCommands\\Admin" }
Executing CreateFile { filename: "ServerScriptService\\Commands\\CommandHandler\\Cmdr\\BuiltInCommands\\Admin\\init.meta.json" }
Instruction: Adding ModuleScript ServerScriptService\Commands\CommandHandler\Cmdr\BuiltInCommands\Admin/announce
Executing CreateFile { filename: "ServerScriptService\\Commands\\CommandHandler\\Cmdr\\BuiltInCommands\\Admin\\announce.luau" }
Instruction: Adding ModuleScript ServerScriptService\Commands\CommandHandler\Cmdr\BuiltInCommands\Admin/announceServer
Executing CreateFile { filename: "ServerScriptService\\Commands\\CommandHandler\\Cmdr\\BuiltInCommands\\Admin\\announceServer.luau" }
Instruction: Adding ModuleScript ServerScriptService\Commands\CommandHandler\Cmdr\BuiltInCommands\Admin/gotoPlace
Executing CreateFile { filename: "ServerScriptService\\Commands\\CommandHandler\\Cmdr\\BuiltInCommands\\Admin\\gotoPlace.luau" }
Instruction: Adding ModuleScript ServerScriptService\Commands\CommandHandler\Cmdr\BuiltInCommands\Admin/gotoPlaceServer
Executing CreateFile { filename: "ServerScriptService\\Commands\\CommandHandler\\Cmdr\\BuiltInCommands\\Admin\\gotoPlaceServer.luau" }
Instruction: Adding ModuleScript ServerScriptService\Commands\CommandHandler\Cmdr\BuiltInCommands\Admin/kick
Executing CreateFile { filename: "ServerScriptService\\Commands\\CommandHandler\\Cmdr\\BuiltInCommands\\Admin\\kick.luau" }
Instruction: Adding ModuleScript ServerScriptService\Commands\CommandHandler\Cmdr\BuiltInCommands\Admin/kickServer
Executing CreateFile { filename: "ServerScriptService\\Commands\\CommandHandler\\Cmdr\\BuiltInCommands\\Admin\\kickServer.luau" }
Instruction: Adding ModuleScript ServerScriptService\Commands\CommandHandler\Cmdr\BuiltInCommands\Admin/kill
Executing CreateFile { filename: "ServerScriptService\\Commands\\CommandHandler\\Cmdr\\BuiltInCommands\\Admin\\kill.luau" }
Instruction: Adding ModuleScript ServerScriptService\Commands\CommandHandler\Cmdr\BuiltInCommands\Admin/killServer
Executing CreateFile { filename: "ServerScriptService\\Commands\\CommandHandler\\Cmdr\\BuiltInCommands\\Admin\\killServer.luau" }
Instruction: Adding ModuleScript ServerScriptService\Commands\CommandHandler\Cmdr\BuiltInCommands\Admin/respawn
Executing CreateFile { filename: "ServerScriptService\\Commands\\CommandHandler\\Cmdr\\BuiltInCommands\\Admin\\respawn.luau" }
Instruction: Adding ModuleScript ServerScriptService\Commands\CommandHandler\Cmdr\BuiltInCommands\Admin/respawnServer
Executing CreateFile { filename: "ServerScriptService\\Commands\\CommandHandler\\Cmdr\\BuiltInCommands\\Admin\\respawnServer.luau" }
Instruction: Adding ModuleScript ServerScriptService\Commands\CommandHandler\Cmdr\BuiltInCommands\Admin/teleport
Executing CreateFile { filename: "ServerScriptService\\Commands\\CommandHandler\\Cmdr\\BuiltInCommands\\Admin\\teleport.luau" }
Instruction: Adding ModuleScript ServerScriptService\Commands\CommandHandler\Cmdr\BuiltInCommands\Admin/teleportServer
Executing CreateFile { filename: "ServerScriptService\\Commands\\CommandHandler\\Cmdr\\BuiltInCommands\\Admin\\teleportServer.luau" }
Instruction: Adding Folder ServerScriptService\Commands\CommandHandler\Cmdr\BuiltInCommands/Debug
Executing CreateFolder { folder: "ServerScriptService\\Commands\\CommandHandler\\Cmdr\\BuiltInCommands\\Debug" }
Executing CreateFile { filename: "ServerScriptService\\Commands\\CommandHandler\\Cmdr\\BuiltInCommands\\Debug\\init.meta.json" }
Instruction: Adding ModuleScript ServerScriptService\Commands\CommandHandler\Cmdr\BuiltInCommands\Debug/blink
Executing CreateFile { filename: "ServerScriptService\\Commands\\CommandHandler\\Cmdr\\BuiltInCommands\\Debug\\blink.luau" }
Instruction: Adding ModuleScript ServerScriptService\Commands\CommandHandler\Cmdr\BuiltInCommands\Debug/fetch
Executing CreateFile { filename: "ServerScriptService\\Commands\\CommandHandler\\Cmdr\\BuiltInCommands\\Debug\\fetch.luau" }
Instruction: Adding ModuleScript ServerScriptService\Commands\CommandHandler\Cmdr\BuiltInCommands\Debug/fetchServer
Executing CreateFile { filename: "ServerScriptService\\Commands\\CommandHandler\\Cmdr\\BuiltInCommands\\Debug\\fetchServer.luau" }
Instruction: Adding ModuleScript ServerScriptService\Commands\CommandHandler\Cmdr\BuiltInCommands\Debug/getPlayerPlaceInstance
Executing CreateFile { filename: "ServerScriptService\\Commands\\CommandHandler\\Cmdr\\BuiltInCommands\\Debug\\getPlayerPlaceInstance.luau" }
Instruction: Adding ModuleScript ServerScriptService\Commands\CommandHandler\Cmdr\BuiltInCommands\Debug/getPlayerPlaceInstanceServer
Executing CreateFile { filename: "ServerScriptService\\Commands\\CommandHandler\\Cmdr\\BuiltInCommands\\Debug\\getPlayerPlaceInstanceServer.luau" }
Instruction: Adding ModuleScript ServerScriptService\Commands\CommandHandler\Cmdr\BuiltInCommands\Debug/position
Executing CreateFile { filename: "ServerScriptService\\Commands\\CommandHandler\\Cmdr\\BuiltInCommands\\Debug\\position.luau" }
Instruction: Adding ModuleScript ServerScriptService\Commands\CommandHandler\Cmdr\BuiltInCommands\Debug/thru
Executing CreateFile { filename: "ServerScriptService\\Commands\\CommandHandler\\Cmdr\\BuiltInCommands\\Debug\\thru.luau" }
Instruction: Adding ModuleScript ServerScriptService\Commands\CommandHandler\Cmdr\BuiltInCommands\Debug/uptime
Executing CreateFile { filename: "ServerScriptService\\Commands\\CommandHandler\\Cmdr\\BuiltInCommands\\Debug\\uptime.luau" }
Instruction: Adding ModuleScript ServerScriptService\Commands\CommandHandler\Cmdr\BuiltInCommands\Debug/uptimeServer
Executing CreateFile { filename: "ServerScriptService\\Commands\\CommandHandler\\Cmdr\\BuiltInCommands\\Debug\\uptimeServer.luau" }
Instruction: Adding ModuleScript ServerScriptService\Commands\CommandHandler\Cmdr\BuiltInCommands\Debug/version
Executing CreateFile { filename: "ServerScriptService\\Commands\\CommandHandler\\Cmdr\\BuiltInCommands\\Debug\\version.luau" }
Instruction: Adding Folder ServerScriptService\Commands\CommandHandler\Cmdr\BuiltInCommands/Utility
Executing CreateFolder { folder: "ServerScriptService\\Commands\\CommandHandler\\Cmdr\\BuiltInCommands\\Utility" }
Executing CreateFile { filename: "ServerScriptService\\Commands\\CommandHandler\\Cmdr\\BuiltInCommands\\Utility\\init.meta.json" }
Instruction: Adding ModuleScript ServerScriptService\Commands\CommandHandler\Cmdr\BuiltInCommands\Utility/alias
Executing CreateFile { filename: "ServerScriptService\\Commands\\CommandHandler\\Cmdr\\BuiltInCommands\\Utility\\alias.luau" }
Instruction: Adding ModuleScript ServerScriptService\Commands\CommandHandler\Cmdr\BuiltInCommands\Utility/bind
Executing CreateFile { filename: "ServerScriptService\\Commands\\CommandHandler\\Cmdr\\BuiltInCommands\\Utility\\bind.luau" }
Instruction: Adding ModuleScript ServerScriptService\Commands\CommandHandler\Cmdr\BuiltInCommands\Utility/clear
Executing CreateFile { filename: "ServerScriptService\\Commands\\CommandHandler\\Cmdr\\BuiltInCommands\\Utility\\clear.luau" }
Instruction: Adding ModuleScript ServerScriptService\Commands\CommandHandler\Cmdr\BuiltInCommands\Utility/convertTimestamp
Executing CreateFile { filename: "ServerScriptService\\Commands\\CommandHandler\\Cmdr\\BuiltInCommands\\Utility\\convertTimestamp.luau" }
Instruction: Adding ModuleScript ServerScriptService\Commands\CommandHandler\Cmdr\BuiltInCommands\Utility/echo
Executing CreateFile { filename: "ServerScriptService\\Commands\\CommandHandler\\Cmdr\\BuiltInCommands\\Utility\\echo.luau" }
Instruction: Adding ModuleScript ServerScriptService\Commands\CommandHandler\Cmdr\BuiltInCommands\Utility/edit
Executing CreateFile { filename: "ServerScriptService\\Commands\\CommandHandler\\Cmdr\\BuiltInCommands\\Utility\\edit.luau" }
Instruction: Adding ModuleScript ServerScriptService\Commands\CommandHandler\Cmdr\BuiltInCommands\Utility/history
Executing CreateFile { filename: "ServerScriptService\\Commands\\CommandHandler\\Cmdr\\BuiltInCommands\\Utility\\history.luau" }
Instruction: Adding ModuleScript ServerScriptService\Commands\CommandHandler\Cmdr\BuiltInCommands\Utility/hover
Executing CreateFile { filename: "ServerScriptService\\Commands\\CommandHandler\\Cmdr\\BuiltInCommands\\Utility\\hover.luau" }
Instruction: Adding ModuleScript ServerScriptService\Commands\CommandHandler\Cmdr\BuiltInCommands\Utility/jsonArrayDecode
Executing CreateFile { filename: "ServerScriptService\\Commands\\CommandHandler\\Cmdr\\BuiltInCommands\\Utility\\jsonArrayDecode.luau" }
Instruction: Adding ModuleScript ServerScriptService\Commands\CommandHandler\Cmdr\BuiltInCommands\Utility/jsonArrayEncode
Executing CreateFile { filename: "ServerScriptService\\Commands\\CommandHandler\\Cmdr\\BuiltInCommands\\Utility\\jsonArrayEncode.luau" }
Instruction: Adding ModuleScript ServerScriptService\Commands\CommandHandler\Cmdr\BuiltInCommands\Utility/len
Executing CreateFile { filename: "ServerScriptService\\Commands\\CommandHandler\\Cmdr\\BuiltInCommands\\Utility\\len.luau" }
Instruction: Adding ModuleScript ServerScriptService\Commands\CommandHandler\Cmdr\BuiltInCommands\Utility/math
Executing CreateFile { filename: "ServerScriptService\\Commands\\CommandHandler\\Cmdr\\BuiltInCommands\\Utility\\math.luau" }
Instruction: Adding ModuleScript ServerScriptService\Commands\CommandHandler\Cmdr\BuiltInCommands\Utility/pick
Executing CreateFile { filename: "ServerScriptService\\Commands\\CommandHandler\\Cmdr\\BuiltInCommands\\Utility\\pick.luau" }
Instruction: Adding ModuleScript ServerScriptService\Commands\CommandHandler\Cmdr\BuiltInCommands\Utility/rand
Executing CreateFile { filename: "ServerScriptService\\Commands\\CommandHandler\\Cmdr\\BuiltInCommands\\Utility\\rand.luau" }
Instruction: Adding ModuleScript ServerScriptService\Commands\CommandHandler\Cmdr\BuiltInCommands\Utility/replace
Executing CreateFile { filename: "ServerScriptService\\Commands\\CommandHandler\\Cmdr\\BuiltInCommands\\Utility\\replace.luau" }
Instruction: Adding ModuleScript ServerScriptService\Commands\CommandHandler\Cmdr\BuiltInCommands\Utility/resolve
Executing CreateFile { filename: "ServerScriptService\\Commands\\CommandHandler\\Cmdr\\BuiltInCommands\\Utility\\resolve.luau" }
Instruction: Adding ModuleScript ServerScriptService\Commands\CommandHandler\Cmdr\BuiltInCommands\Utility/run
Executing CreateFile { filename: "ServerScriptService\\Commands\\CommandHandler\\Cmdr\\BuiltInCommands\\Utility\\run.luau" }
Instruction: Adding ModuleScript ServerScriptService\Commands\CommandHandler\Cmdr\BuiltInCommands\Utility/runLines
Executing CreateFile { filename: "ServerScriptService\\Commands\\CommandHandler\\Cmdr\\BuiltInCommands\\Utility\\runLines.luau" }
Instruction: Adding ModuleScript ServerScriptService\Commands\CommandHandler\Cmdr\BuiltInCommands\Utility/runif
Executing CreateFile { filename: "ServerScriptService\\Commands\\CommandHandler\\Cmdr\\BuiltInCommands\\Utility\\runif.luau" }
Instruction: Adding ModuleScript ServerScriptService\Commands\CommandHandler\Cmdr\BuiltInCommands\Utility/unbind
Executing CreateFile { filename: "ServerScriptService\\Commands\\CommandHandler\\Cmdr\\BuiltInCommands\\Utility\\unbind.luau" }
Instruction: Adding ModuleScript ServerScriptService\Commands\CommandHandler\Cmdr\BuiltInCommands\Utility/var
Executing CreateFile { filename: "ServerScriptService\\Commands\\CommandHandler\\Cmdr\\BuiltInCommands\\Utility\\var.luau" }
Instruction: Adding ModuleScript ServerScriptService\Commands\CommandHandler\Cmdr\BuiltInCommands\Utility/varServer
Executing CreateFile { filename: "ServerScriptService\\Commands\\CommandHandler\\Cmdr\\BuiltInCommands\\Utility\\varServer.luau" }
Instruction: Adding ModuleScript ServerScriptService\Commands\CommandHandler\Cmdr\BuiltInCommands\Utility/varSet
Executing CreateFile { filename: "ServerScriptService\\Commands\\CommandHandler\\Cmdr\\BuiltInCommands\\Utility\\varSet.luau" }
Instruction: Adding ModuleScript ServerScriptService\Commands\CommandHandler\Cmdr\BuiltInCommands\Utility/varSetServer
Executing CreateFile { filename: "ServerScriptService\\Commands\\CommandHandler\\Cmdr\\BuiltInCommands\\Utility\\varSetServer.luau" }
Instruction: Adding ModuleScript ServerScriptService\Commands\CommandHandler\Cmdr\BuiltInCommands/help
Executing CreateFile { filename: "ServerScriptService\\Commands\\CommandHandler\\Cmdr\\BuiltInCommands\\help.luau" }
Instruction: Adding Folder ServerScriptService\Commands\CommandHandler\Cmdr/BuiltInTypes
Executing CreateFolder { folder: "ServerScriptService\\Commands\\CommandHandler\\Cmdr\\BuiltInTypes" }
Executing CreateFile { filename: "ServerScriptService\\Commands\\CommandHandler\\Cmdr\\BuiltInTypes\\init.meta.json" }
Instruction: Adding ModuleScript ServerScriptService\Commands\CommandHandler\Cmdr\BuiltInTypes/BindableResource
Executing CreateFile { filename: "ServerScriptService\\Commands\\CommandHandler\\Cmdr\\BuiltInTypes\\BindableResource.luau" }
Instruction: Adding ModuleScript ServerScriptService\Commands\CommandHandler\Cmdr\BuiltInTypes/BrickColor
Executing CreateFile { filename: "ServerScriptService\\Commands\\CommandHandler\\Cmdr\\BuiltInTypes\\BrickColor.luau" }
Instruction: Adding ModuleScript ServerScriptService\Commands\CommandHandler\Cmdr\BuiltInTypes/Color3
Executing CreateFile { filename: "ServerScriptService\\Commands\\CommandHandler\\Cmdr\\BuiltInTypes\\Color3.luau" }
Instruction: Adding ModuleScript ServerScriptService\Commands\CommandHandler\Cmdr\BuiltInTypes/Command
Executing CreateFile { filename: "ServerScriptService\\Commands\\CommandHandler\\Cmdr\\BuiltInTypes\\Command.luau" }
Instruction: Adding ModuleScript ServerScriptService\Commands\CommandHandler\Cmdr\BuiltInTypes/ConditionFunction
Executing CreateFile { filename: "ServerScriptService\\Commands\\CommandHandler\\Cmdr\\BuiltInTypes\\ConditionFunction.luau" }
Instruction: Adding ModuleScript ServerScriptService\Commands\CommandHandler\Cmdr\BuiltInTypes/Duration
Executing CreateFile { filename: "ServerScriptService\\Commands\\CommandHandler\\Cmdr\\BuiltInTypes\\Duration.luau" }
Instruction: Adding ModuleScript ServerScriptService\Commands\CommandHandler\Cmdr\BuiltInTypes/JSON
Executing CreateFile { filename: "ServerScriptService\\Commands\\CommandHandler\\Cmdr\\BuiltInTypes\\JSON.luau" }
Instruction: Adding ModuleScript ServerScriptService\Commands\CommandHandler\Cmdr\BuiltInTypes/MathOperator
Executing CreateFile { filename: "ServerScriptService\\Commands\\CommandHandler\\Cmdr\\BuiltInTypes\\MathOperator.luau" }
Instruction: Adding ModuleScript ServerScriptService\Commands\CommandHandler\Cmdr\BuiltInTypes/Player
Executing CreateFile { filename: "ServerScriptService\\Commands\\CommandHandler\\Cmdr\\BuiltInTypes\\Player.luau" }
Instruction: Adding ModuleScript ServerScriptService\Commands\CommandHandler\Cmdr\BuiltInTypes/PlayerId
Executing CreateFile { filename: "ServerScriptService\\Commands\\CommandHandler\\Cmdr\\BuiltInTypes\\PlayerId.luau" }
Instruction: Adding ModuleScript ServerScriptService\Commands\CommandHandler\Cmdr\BuiltInTypes/Primitives
Executing CreateFile { filename: "ServerScriptService\\Commands\\CommandHandler\\Cmdr\\BuiltInTypes\\Primitives.luau" }
Instruction: Adding ModuleScript ServerScriptService\Commands\CommandHandler\Cmdr\BuiltInTypes/StoredKey
Executing CreateFile { filename: "ServerScriptService\\Commands\\CommandHandler\\Cmdr\\BuiltInTypes\\StoredKey.luau" }
Instruction: Adding ModuleScript ServerScriptService\Commands\CommandHandler\Cmdr\BuiltInTypes/Team
Executing CreateFile { filename: "ServerScriptService\\Commands\\CommandHandler\\Cmdr\\BuiltInTypes\\Team.luau" }
Instruction: Adding ModuleScript ServerScriptService\Commands\CommandHandler\Cmdr\BuiltInTypes/Type
Executing CreateFile { filename: "ServerScriptService\\Commands\\CommandHandler\\Cmdr\\BuiltInTypes\\Type.luau" }
Instruction: Adding ModuleScript ServerScriptService\Commands\CommandHandler\Cmdr\BuiltInTypes/URL
Executing CreateFile { filename: "ServerScriptService\\Commands\\CommandHandler\\Cmdr\\BuiltInTypes\\URL.luau" }
Instruction: Adding ModuleScript ServerScriptService\Commands\CommandHandler\Cmdr\BuiltInTypes/UserInput
Executing CreateFile { filename: "ServerScriptService\\Commands\\CommandHandler\\Cmdr\\BuiltInTypes\\UserInput.luau" }
Instruction: Adding ModuleScript ServerScriptService\Commands\CommandHandler\Cmdr\BuiltInTypes/Vector
Executing CreateFile { filename: "ServerScriptService\\Commands\\CommandHandler\\Cmdr\\BuiltInTypes\\Vector.luau" }
Instruction: Adding ModuleScript ServerScriptService\Commands\CommandHandler\Cmdr/CmdrClient
Executing CreateFolder { folder: "ServerScriptService\\Commands\\CommandHandler\\Cmdr\\CmdrClient" }
Executing CreateFile { filename: "ServerScriptService\\Commands\\CommandHandler\\Cmdr\\CmdrClient\\init.luau" }
Instruction: Adding ModuleScript ServerScriptService\Commands\CommandHandler\Cmdr\CmdrClient/CmdrInterface
Executing CreateFolder { folder: "ServerScriptService\\Commands\\CommandHandler\\Cmdr\\CmdrClient\\CmdrInterface" }
Executing CreateFile { filename: "ServerScriptService\\Commands\\CommandHandler\\Cmdr\\CmdrClient\\CmdrInterface\\init.luau" }
Instruction: Adding ModuleScript ServerScriptService\Commands\CommandHandler\Cmdr\CmdrClient\CmdrInterface/AutoComplete
Executing CreateFile { filename: "ServerScriptService\\Commands\\CommandHandler\\Cmdr\\CmdrClient\\CmdrInterface\\AutoComplete.luau" }
Instruction: Adding ModuleScript ServerScriptService\Commands\CommandHandler\Cmdr\CmdrClient\CmdrInterface/Window
Executing CreateFile { filename: "ServerScriptService\\Commands\\CommandHandler\\Cmdr\\CmdrClient\\CmdrInterface\\Window.luau" }
Instruction: Adding ModuleScript ServerScriptService\Commands\CommandHandler\Cmdr\CmdrClient/DefaultEventHandlers
Executing CreateFile { filename: "ServerScriptService\\Commands\\CommandHandler\\Cmdr\\CmdrClient\\DefaultEventHandlers.luau" }
Instruction: Adding ModuleScript ServerScriptService\Commands\CommandHandler\Cmdr/CreateGui
Executing CreateFile { filename: "ServerScriptService\\Commands\\CommandHandler\\Cmdr\\CreateGui.luau" }
Instruction: Adding ModuleScript ServerScriptService\Commands\CommandHandler\Cmdr/Initialize
Executing CreateFile { filename: "ServerScriptService\\Commands\\CommandHandler\\Cmdr\\Initialize.luau" }
Instruction: Adding Folder ServerScriptService\Commands\CommandHandler\Cmdr/Shared
Executing CreateFolder { folder: "ServerScriptService\\Commands\\CommandHandler\\Cmdr\\Shared" }
Executing CreateFile { filename: "ServerScriptService\\Commands\\CommandHandler\\Cmdr\\Shared\\init.meta.json" }
Instruction: Adding ModuleScript ServerScriptService\Commands\CommandHandler\Cmdr\Shared/Argument
Executing CreateFile { filename: "ServerScriptService\\Commands\\CommandHandler\\Cmdr\\Shared\\Argument.luau" }
Instruction: Adding ModuleScript ServerScriptService\Commands\CommandHandler\Cmdr\Shared/Command
Executing CreateFile { filename: "ServerScriptService\\Commands\\CommandHandler\\Cmdr\\Shared\\Command.luau" }
Instruction: Adding ModuleScript ServerScriptService\Commands\CommandHandler\Cmdr\Shared/Dispatcher
Executing CreateFile { filename: "ServerScriptService\\Commands\\CommandHandler\\Cmdr\\Shared\\Dispatcher.luau" }
Instruction: Adding ModuleScript ServerScriptService\Commands\CommandHandler\Cmdr\Shared/Registry
Executing CreateFile { filename: "ServerScriptService\\Commands\\CommandHandler\\Cmdr\\Shared\\Registry.luau" }
Instruction: Adding ModuleScript ServerScriptService\Commands\CommandHandler\Cmdr\Shared/Util
Executing CreateFile { filename: "ServerScriptService\\Commands\\CommandHandler\\Cmdr\\Shared\\Util.luau" }
Instruction: Adding Folder ServerScriptService/Environment
Executing CreateFolder { folder: "ServerScriptService\\Environment" }
Executing CreateFile { filename: "ServerScriptService\\Environment\\init.meta.json" }
Instruction: Adding Script ServerScriptService\Environment/GameManager
Executing CreateFolder { folder: "ServerScriptService\\Environment\\GameManager" }
Executing CreateFile { filename: "ServerScriptService\\Environment\\GameManager\\init.server.luau" }
Instruction: Adding Script ServerScriptService\Environment\GameManager/SevensAndCherriesCore
Executing CreateFile { filename: "ServerScriptService\\Environment\\GameManager\\SevensAndCherriesCore.server.luau" }
Instruction: Adding Script ServerScriptService\Environment\GameManager/GreenHotCore
Executing CreateFile { filename: "ServerScriptService\\Environment\\GameManager\\GreenHotCore.server.luau" }
Instruction: Adding Script ServerScriptService\Environment\GameManager/GoldenEggCore
Executing CreateFile { filename: "ServerScriptService\\Environment\\GameManager\\GoldenEggCore.server.luau" }
Instruction: Adding Script ServerScriptService\Environment\GameManager/OkamiSlotsCore
Executing CreateFile { filename: "ServerScriptService\\Environment\\GameManager\\OkamiSlotsCore.server.luau" }
Instruction: Adding Script ServerScriptService\Environment\GameManager/RouletteCore
Executing CreateFolder { folder: "ServerScriptService\\Environment\\GameManager\\RouletteCore" }
Executing CreateFile { filename: "ServerScriptService\\Environment\\GameManager\\RouletteCore\\init.server.luau" }
Executing CreateFile { filename: "ServerScriptService\\Environment\\GameManager\\RouletteCore\\init.meta.json" }
Instruction: Adding metadata ServerScriptService\Environment\GameManager\RouletteCore/Roulette
Executing CreateFolder { folder: "ServerScriptService\\Environment\\GameManager\\RouletteCore\\Roulette" }
Executing CreateFile { filename: "ServerScriptService\\Environment\\GameManager\\RouletteCore\\Roulette\\init.meta.json" }
Instruction: Adding LocalScript ServerScriptService\Environment\GameManager\RouletteCore\Roulette/RouletteLocalCore
Executing CreateFile { filename: "ServerScriptService\\Environment\\GameManager\\RouletteCore\\Roulette\\RouletteLocalCore.client.luau" }
Instruction: Adding metadata ServerScriptService\Environment\GameManager\RouletteCore\Roulette/Backing
Executing CreateFolder { folder: "ServerScriptService\\Environment\\GameManager\\RouletteCore\\Roulette\\Backing" }
Executing CreateFile { filename: "ServerScriptService\\Environment\\GameManager\\RouletteCore\\Roulette\\Backing\\init.meta.json" }
Instruction: Adding metadata ServerScriptService\Environment\GameManager\RouletteCore\Roulette\Backing/Bet
Executing CreateFolder { folder: "ServerScriptService\\Environment\\GameManager\\RouletteCore\\Roulette\\Backing\\Bet" }
Executing CreateFile { filename: "ServerScriptService\\Environment\\GameManager\\RouletteCore\\Roulette\\Backing\\Bet\\init.meta.json" }
Instruction: Adding Folder ServerScriptService\Environment\GameManager\RouletteCore\Roulette\Backing\Bet/Scripts
Executing CreateFolder { folder: "ServerScriptService\\Environment\\GameManager\\RouletteCore\\Roulette\\Backing\\Bet\\Scripts" }
Executing CreateFile { filename: "ServerScriptService\\Environment\\GameManager\\RouletteCore\\Roulette\\Backing\\Bet\\Scripts\\init.meta.json" }
Instruction: Adding LocalScript ServerScriptService\Environment\GameManager\RouletteCore\Roulette\Backing\Bet\Scripts/ExtendTextButtonLocalScript
Executing CreateFile { filename: "ServerScriptService\\Environment\\GameManager\\RouletteCore\\Roulette\\Backing\\Bet\\Scripts\\ExtendTextButtonLocalScript.client.luau" }
Instruction: Adding metadata ServerScriptService\Environment\GameManager\RouletteCore\Roulette\Backing/Cancel
Executing CreateFolder { folder: "ServerScriptService\\Environment\\GameManager\\RouletteCore\\Roulette\\Backing\\Cancel" }
Executing CreateFile { filename: "ServerScriptService\\Environment\\GameManager\\RouletteCore\\Roulette\\Backing\\Cancel\\init.meta.json" }
Instruction: Adding Folder ServerScriptService\Environment\GameManager\RouletteCore\Roulette\Backing\Cancel/Scripts
Executing CreateFolder { folder: "ServerScriptService\\Environment\\GameManager\\RouletteCore\\Roulette\\Backing\\Cancel\\Scripts" }
Executing CreateFile { filename: "ServerScriptService\\Environment\\GameManager\\RouletteCore\\Roulette\\Backing\\Cancel\\Scripts\\init.meta.json" }
Instruction: Adding LocalScript ServerScriptService\Environment\GameManager\RouletteCore\Roulette\Backing\Cancel\Scripts/ExtendTextButtonLocalScript
Executing CreateFile { filename: "ServerScriptService\\Environment\\GameManager\\RouletteCore\\Roulette\\Backing\\Cancel\\Scripts\\ExtendTextButtonLocalScript.client.luau" }
Instruction: Adding Script ServerScriptService\Environment\GameManager/HorseRacingCore
Executing CreateFolder { folder: "ServerScriptService\\Environment\\GameManager\\HorseRacingCore" }
Executing CreateFile { filename: "ServerScriptService\\Environment\\GameManager\\HorseRacingCore\\init.server.luau" }
Instruction: Adding metadata ServerScriptService\Environment\GameManager\HorseRacingCore/HorseRacing
Executing CreateFolder { folder: "ServerScriptService\\Environment\\GameManager\\HorseRacingCore\\HorseRacing" }
Executing CreateFile { filename: "ServerScriptService\\Environment\\GameManager\\HorseRacingCore\\HorseRacing\\init.meta.json" }
Instruction: Adding LocalScript ServerScriptService\Environment\GameManager\HorseRacingCore\HorseRacing/HorseRacingLocalCore
Executing CreateFile { filename: "ServerScriptService\\Environment\\GameManager\\HorseRacingCore\\HorseRacing\\HorseRacingLocalCore.client.luau" }
Instruction: Adding Script ServerScriptService\Environment\GameManager/BlackjackCore
Executing CreateFolder { folder: "ServerScriptService\\Environment\\GameManager\\BlackjackCore" }
Executing CreateFile { filename: "ServerScriptService\\Environment\\GameManager\\BlackjackCore\\init.server.luau" }
Instruction: Adding Script ServerScriptService\Environment\GameManager\BlackjackCore/Voicelines
Executing CreateFile { filename: "ServerScriptService\\Environment\\GameManager\\BlackjackCore\\Voicelines.server.luau" }
Instruction: Adding metadata ServerScriptService\Environment\GameManager\BlackjackCore/Blackjack
Executing CreateFolder { folder: "ServerScriptService\\Environment\\GameManager\\BlackjackCore\\Blackjack" }
Executing CreateFile { filename: "ServerScriptService\\Environment\\GameManager\\BlackjackCore\\Blackjack\\init.meta.json" }
Instruction: Adding metadata ServerScriptService\Environment\GameManager\BlackjackCore\Blackjack/Backing
Executing CreateFolder { folder: "ServerScriptService\\Environment\\GameManager\\BlackjackCore\\Blackjack\\Backing" }
Executing CreateFile { filename: "ServerScriptService\\Environment\\GameManager\\BlackjackCore\\Blackjack\\Backing\\init.meta.json" }
Instruction: Adding metadata ServerScriptService\Environment\GameManager\BlackjackCore\Blackjack\Backing/Bet
Executing CreateFolder { folder: "ServerScriptService\\Environment\\GameManager\\BlackjackCore\\Blackjack\\Backing\\Bet" }
Executing CreateFile { filename: "ServerScriptService\\Environment\\GameManager\\BlackjackCore\\Blackjack\\Backing\\Bet\\init.meta.json" }
Instruction: Adding Folder ServerScriptService\Environment\GameManager\BlackjackCore\Blackjack\Backing\Bet/Scripts
Executing CreateFolder { folder: "ServerScriptService\\Environment\\GameManager\\BlackjackCore\\Blackjack\\Backing\\Bet\\Scripts" }
Executing CreateFile { filename: "ServerScriptService\\Environment\\GameManager\\BlackjackCore\\Blackjack\\Backing\\Bet\\Scripts\\init.meta.json" }
Instruction: Adding LocalScript ServerScriptService\Environment\GameManager\BlackjackCore\Blackjack\Backing\Bet\Scripts/ExtendTextButtonLocalScript
Executing CreateFile { filename: "ServerScriptService\\Environment\\GameManager\\BlackjackCore\\Blackjack\\Backing\\Bet\\Scripts\\ExtendTextButtonLocalScript.client.luau" }
Instruction: Adding metadata ServerScriptService\Environment\GameManager\BlackjackCore\Blackjack\Backing/Stand
Executing CreateFolder { folder: "ServerScriptService\\Environment\\GameManager\\BlackjackCore\\Blackjack\\Backing\\Stand" }
Executing CreateFile { filename: "ServerScriptService\\Environment\\GameManager\\BlackjackCore\\Blackjack\\Backing\\Stand\\init.meta.json" }
Instruction: Adding Folder ServerScriptService\Environment\GameManager\BlackjackCore\Blackjack\Backing\Stand/Scripts
Executing CreateFolder { folder: "ServerScriptService\\Environment\\GameManager\\BlackjackCore\\Blackjack\\Backing\\Stand\\Scripts" }
Executing CreateFile { filename: "ServerScriptService\\Environment\\GameManager\\BlackjackCore\\Blackjack\\Backing\\Stand\\Scripts\\init.meta.json" }
Instruction: Adding LocalScript ServerScriptService\Environment\GameManager\BlackjackCore\Blackjack\Backing\Stand\Scripts/ExtendTextButtonLocalScript
Executing CreateFile { filename: "ServerScriptService\\Environment\\GameManager\\BlackjackCore\\Blackjack\\Backing\\Stand\\Scripts\\ExtendTextButtonLocalScript.client.luau" }
Instruction: Adding metadata ServerScriptService\Environment\GameManager\BlackjackCore\Blackjack\Backing/Hit
Executing CreateFolder { folder: "ServerScriptService\\Environment\\GameManager\\BlackjackCore\\Blackjack\\Backing\\Hit" }
Executing CreateFile { filename: "ServerScriptService\\Environment\\GameManager\\BlackjackCore\\Blackjack\\Backing\\Hit\\init.meta.json" }
Instruction: Adding Folder ServerScriptService\Environment\GameManager\BlackjackCore\Blackjack\Backing\Hit/Scripts
Executing CreateFolder { folder: "ServerScriptService\\Environment\\GameManager\\BlackjackCore\\Blackjack\\Backing\\Hit\\Scripts" }
Executing CreateFile { filename: "ServerScriptService\\Environment\\GameManager\\BlackjackCore\\Blackjack\\Backing\\Hit\\Scripts\\init.meta.json" }
Instruction: Adding LocalScript ServerScriptService\Environment\GameManager\BlackjackCore\Blackjack\Backing\Hit\Scripts/ExtendTextButtonLocalScript
Executing CreateFile { filename: "ServerScriptService\\Environment\\GameManager\\BlackjackCore\\Blackjack\\Backing\\Hit\\Scripts\\ExtendTextButtonLocalScript.client.luau" }
Instruction: Adding metadata ServerScriptService\Environment\GameManager\BlackjackCore\Blackjack\Backing/DoubleDown
Executing CreateFolder { folder: "ServerScriptService\\Environment\\GameManager\\BlackjackCore\\Blackjack\\Backing\\DoubleDown" }
Executing CreateFile { filename: "ServerScriptService\\Environment\\GameManager\\BlackjackCore\\Blackjack\\Backing\\DoubleDown\\init.meta.json" }
Instruction: Adding Folder ServerScriptService\Environment\GameManager\BlackjackCore\Blackjack\Backing\DoubleDown/Scripts
Executing CreateFolder { folder: "ServerScriptService\\Environment\\GameManager\\BlackjackCore\\Blackjack\\Backing\\DoubleDown\\Scripts" }
Executing CreateFile { filename: "ServerScriptService\\Environment\\GameManager\\BlackjackCore\\Blackjack\\Backing\\DoubleDown\\Scripts\\init.meta.json" }
Instruction: Adding LocalScript ServerScriptService\Environment\GameManager\BlackjackCore\Blackjack\Backing\DoubleDown\Scripts/ExtendTextButtonLocalScript
Executing CreateFile { filename: "ServerScriptService\\Environment\\GameManager\\BlackjackCore\\Blackjack\\Backing\\DoubleDown\\Scripts\\ExtendTextButtonLocalScript.client.luau" }
Instruction: Adding metadata ServerScriptService\Environment\GameManager\BlackjackCore\Blackjack\Backing/Split
Executing CreateFolder { folder: "ServerScriptService\\Environment\\GameManager\\BlackjackCore\\Blackjack\\Backing\\Split" }
Executing CreateFile { filename: "ServerScriptService\\Environment\\GameManager\\BlackjackCore\\Blackjack\\Backing\\Split\\init.meta.json" }
Instruction: Adding Folder ServerScriptService\Environment\GameManager\BlackjackCore\Blackjack\Backing\Split/Scripts
Executing CreateFolder { folder: "ServerScriptService\\Environment\\GameManager\\BlackjackCore\\Blackjack\\Backing\\Split\\Scripts" }
Executing CreateFile { filename: "ServerScriptService\\Environment\\GameManager\\BlackjackCore\\Blackjack\\Backing\\Split\\Scripts\\init.meta.json" }
Instruction: Adding LocalScript ServerScriptService\Environment\GameManager\BlackjackCore\Blackjack\Backing\Split\Scripts/ExtendTextButtonLocalScript
Executing CreateFile { filename: "ServerScriptService\\Environment\\GameManager\\BlackjackCore\\Blackjack\\Backing\\Split\\Scripts\\ExtendTextButtonLocalScript.client.luau" }
Instruction: Adding LocalScript ServerScriptService\Environment\GameManager\BlackjackCore\Blackjack/BlackjackLocalCore
Executing CreateFile { filename: "ServerScriptService\\Environment\\GameManager\\BlackjackCore\\Blackjack\\BlackjackLocalCore.client.luau" }
Instruction: Adding Script ServerScriptService\Environment\GameManager/ThreeCardPokerCore
Executing CreateFolder { folder: "ServerScriptService\\Environment\\GameManager\\ThreeCardPokerCore" }
Executing CreateFile { filename: "ServerScriptService\\Environment\\GameManager\\ThreeCardPokerCore\\init.server.luau" }
Instruction: Adding Script ServerScriptService\Environment\GameManager\ThreeCardPokerCore/Voicelines
Executing CreateFile { filename: "ServerScriptService\\Environment\\GameManager\\ThreeCardPokerCore\\Voicelines.server.luau" }
Instruction: Adding metadata ServerScriptService\Environment\GameManager\ThreeCardPokerCore/ThreeCardPoker
Executing CreateFolder { folder: "ServerScriptService\\Environment\\GameManager\\ThreeCardPokerCore\\ThreeCardPoker" }
Executing CreateFile { filename: "ServerScriptService\\Environment\\GameManager\\ThreeCardPokerCore\\ThreeCardPoker\\init.meta.json" }
Instruction: Adding LocalScript ServerScriptService\Environment\GameManager\ThreeCardPokerCore\ThreeCardPoker/ThreeCardPokerLocalCore
Executing CreateFile { filename: "ServerScriptService\\Environment\\GameManager\\ThreeCardPokerCore\\ThreeCardPoker\\ThreeCardPokerLocalCore.client.luau" }
Instruction: Adding metadata ServerScriptService\Environment\GameManager\ThreeCardPokerCore\ThreeCardPoker/Backing
Executing CreateFolder { folder: "ServerScriptService\\Environment\\GameManager\\ThreeCardPokerCore\\ThreeCardPoker\\Backing" }
Executing CreateFile { filename: "ServerScriptService\\Environment\\GameManager\\ThreeCardPokerCore\\ThreeCardPoker\\Backing\\init.meta.json" }
Instruction: Adding metadata ServerScriptService\Environment\GameManager\ThreeCardPokerCore\ThreeCardPoker\Backing/Play
Executing CreateFolder { folder: "ServerScriptService\\Environment\\GameManager\\ThreeCardPokerCore\\ThreeCardPoker\\Backing\\Play" }
Executing CreateFile { filename: "ServerScriptService\\Environment\\GameManager\\ThreeCardPokerCore\\ThreeCardPoker\\Backing\\Play\\init.meta.json" }
Instruction: Adding Folder ServerScriptService\Environment\GameManager\ThreeCardPokerCore\ThreeCardPoker\Backing\Play/Scripts
Executing CreateFolder { folder: "ServerScriptService\\Environment\\GameManager\\ThreeCardPokerCore\\ThreeCardPoker\\Backing\\Play\\Scripts" }
Executing CreateFile { filename: "ServerScriptService\\Environment\\GameManager\\ThreeCardPokerCore\\ThreeCardPoker\\Backing\\Play\\Scripts\\init.meta.json" }
Instruction: Adding LocalScript ServerScriptService\Environment\GameManager\ThreeCardPokerCore\ThreeCardPoker\Backing\Play\Scripts/ExtendTextButtonLocalScript
Executing CreateFile { filename: "ServerScriptService\\Environment\\GameManager\\ThreeCardPokerCore\\ThreeCardPoker\\Backing\\Play\\Scripts\\ExtendTextButtonLocalScript.client.luau" }
Instruction: Adding metadata ServerScriptService\Environment\GameManager\ThreeCardPokerCore\ThreeCardPoker\Backing/Fold
Executing CreateFolder { folder: "ServerScriptService\\Environment\\GameManager\\ThreeCardPokerCore\\ThreeCardPoker\\Backing\\Fold" }
Executing CreateFile { filename: "ServerScriptService\\Environment\\GameManager\\ThreeCardPokerCore\\ThreeCardPoker\\Backing\\Fold\\init.meta.json" }
Instruction: Adding Folder ServerScriptService\Environment\GameManager\ThreeCardPokerCore\ThreeCardPoker\Backing\Fold/Scripts
Executing CreateFolder { folder: "ServerScriptService\\Environment\\GameManager\\ThreeCardPokerCore\\ThreeCardPoker\\Backing\\Fold\\Scripts" }
Executing CreateFile { filename: "ServerScriptService\\Environment\\GameManager\\ThreeCardPokerCore\\ThreeCardPoker\\Backing\\Fold\\Scripts\\init.meta.json" }
Instruction: Adding LocalScript ServerScriptService\Environment\GameManager\ThreeCardPokerCore\ThreeCardPoker\Backing\Fold\Scripts/ExtendTextButtonLocalScript
Executing CreateFile { filename: "ServerScriptService\\Environment\\GameManager\\ThreeCardPokerCore\\ThreeCardPoker\\Backing\\Fold\\Scripts\\ExtendTextButtonLocalScript.client.luau" }
Instruction: Adding metadata ServerScriptService\Environment\GameManager\ThreeCardPokerCore\ThreeCardPoker\Backing/Bet
Executing CreateFolder { folder: "ServerScriptService\\Environment\\GameManager\\ThreeCardPokerCore\\ThreeCardPoker\\Backing\\Bet" }
Executing CreateFile { filename: "ServerScriptService\\Environment\\GameManager\\ThreeCardPokerCore\\ThreeCardPoker\\Backing\\Bet\\init.meta.json" }
Instruction: Adding Folder ServerScriptService\Environment\GameManager\ThreeCardPokerCore\ThreeCardPoker\Backing\Bet/Scripts
Executing CreateFolder { folder: "ServerScriptService\\Environment\\GameManager\\ThreeCardPokerCore\\ThreeCardPoker\\Backing\\Bet\\Scripts" }
Executing CreateFile { filename: "ServerScriptService\\Environment\\GameManager\\ThreeCardPokerCore\\ThreeCardPoker\\Backing\\Bet\\Scripts\\init.meta.json" }
Instruction: Adding LocalScript ServerScriptService\Environment\GameManager\ThreeCardPokerCore\ThreeCardPoker\Backing\Bet\Scripts/ExtendTextButtonLocalScript
Executing CreateFile { filename: "ServerScriptService\\Environment\\GameManager\\ThreeCardPokerCore\\ThreeCardPoker\\Backing\\Bet\\Scripts\\ExtendTextButtonLocalScript.client.luau" }
Instruction: Adding Script ServerScriptService\Environment\GameManager/BigWheelCore
Executing CreateFolder { folder: "ServerScriptService\\Environment\\GameManager\\BigWheelCore" }
Executing CreateFile { filename: "ServerScriptService\\Environment\\GameManager\\BigWheelCore\\init.server.luau" }
Instruction: Adding metadata ServerScriptService\Environment\GameManager\BigWheelCore/BigWheel
Executing CreateFolder { folder: "ServerScriptService\\Environment\\GameManager\\BigWheelCore\\BigWheel" }
Executing CreateFile { filename: "ServerScriptService\\Environment\\GameManager\\BigWheelCore\\BigWheel\\init.meta.json" }
Instruction: Adding LocalScript ServerScriptService\Environment\GameManager\BigWheelCore\BigWheel/BigSixWheelLocalCore
Executing CreateFile { filename: "ServerScriptService\\Environment\\GameManager\\BigWheelCore\\BigWheel\\BigSixWheelLocalCore.client.luau" }
Instruction: Adding Script ServerScriptService\Environment\GameManager/BaccaratCore
Executing CreateFolder { folder: "ServerScriptService\\Environment\\GameManager\\BaccaratCore" }
Executing CreateFile { filename: "ServerScriptService\\Environment\\GameManager\\BaccaratCore\\init.server.luau" }
Instruction: Adding Script ServerScriptService\Environment\GameManager\BaccaratCore/Voicelines
Executing CreateFile { filename: "ServerScriptService\\Environment\\GameManager\\BaccaratCore\\Voicelines.server.luau" }
Instruction: Adding metadata ServerScriptService\Environment\GameManager\BaccaratCore/Baccarat
Executing CreateFolder { folder: "ServerScriptService\\Environment\\GameManager\\BaccaratCore\\Baccarat" }
Executing CreateFile { filename: "ServerScriptService\\Environment\\GameManager\\BaccaratCore\\Baccarat\\init.meta.json" }
Instruction: Adding LocalScript ServerScriptService\Environment\GameManager\BaccaratCore\Baccarat/BaccaratLocalCore
Executing CreateFile { filename: "ServerScriptService\\Environment\\GameManager\\BaccaratCore\\Baccarat\\BaccaratLocalCore.client.luau" }
Instruction: Adding metadata ServerScriptService\Environment\GameManager\BaccaratCore\Baccarat/Backing
Executing CreateFolder { folder: "ServerScriptService\\Environment\\GameManager\\BaccaratCore\\Baccarat\\Backing" }
Executing CreateFile { filename: "ServerScriptService\\Environment\\GameManager\\BaccaratCore\\Baccarat\\Backing\\init.meta.json" }
Instruction: Adding metadata ServerScriptService\Environment\GameManager\BaccaratCore\Baccarat\Backing/Clear
Executing CreateFolder { folder: "ServerScriptService\\Environment\\GameManager\\BaccaratCore\\Baccarat\\Backing\\Clear" }
Executing CreateFile { filename: "ServerScriptService\\Environment\\GameManager\\BaccaratCore\\Baccarat\\Backing\\Clear\\init.meta.json" }
Instruction: Adding Folder ServerScriptService\Environment\GameManager\BaccaratCore\Baccarat\Backing\Clear/Scripts
Executing CreateFolder { folder: "ServerScriptService\\Environment\\GameManager\\BaccaratCore\\Baccarat\\Backing\\Clear\\Scripts" }
Executing CreateFile { filename: "ServerScriptService\\Environment\\GameManager\\BaccaratCore\\Baccarat\\Backing\\Clear\\Scripts\\init.meta.json" }
Instruction: Adding LocalScript ServerScriptService\Environment\GameManager\BaccaratCore\Baccarat\Backing\Clear\Scripts/ExtendTextButtonLocalScript
Executing CreateFile { filename: "ServerScriptService\\Environment\\GameManager\\BaccaratCore\\Baccarat\\Backing\\Clear\\Scripts\\ExtendTextButtonLocalScript.client.luau" }
Instruction: Adding metadata ServerScriptService\Environment\GameManager\BaccaratCore\Baccarat\Backing/Bet
Executing CreateFolder { folder: "ServerScriptService\\Environment\\GameManager\\BaccaratCore\\Baccarat\\Backing\\Bet" }
Executing CreateFile { filename: "ServerScriptService\\Environment\\GameManager\\BaccaratCore\\Baccarat\\Backing\\Bet\\init.meta.json" }
Instruction: Adding Folder ServerScriptService\Environment\GameManager\BaccaratCore\Baccarat\Backing\Bet/Scripts
Executing CreateFolder { folder: "ServerScriptService\\Environment\\GameManager\\BaccaratCore\\Baccarat\\Backing\\Bet\\Scripts" }
Executing CreateFile { filename: "ServerScriptService\\Environment\\GameManager\\BaccaratCore\\Baccarat\\Backing\\Bet\\Scripts\\init.meta.json" }
Instruction: Adding LocalScript ServerScriptService\Environment\GameManager\BaccaratCore\Baccarat\Backing\Bet\Scripts/ExtendTextButtonLocalScript
Executing CreateFile { filename: "ServerScriptService\\Environment\\GameManager\\BaccaratCore\\Baccarat\\Backing\\Bet\\Scripts\\ExtendTextButtonLocalScript.client.luau" }
Instruction: Adding Script ServerScriptService\Environment\GameManager/TexasHoldemCore
Executing CreateFolder { folder: "ServerScriptService\\Environment\\GameManager\\TexasHoldemCore" }
Executing CreateFile { filename: "ServerScriptService\\Environment\\GameManager\\TexasHoldemCore\\init.server.luau" }
Instruction: Adding ModuleScript ServerScriptService\Environment\GameManager\TexasHoldemCore/Card
Executing CreateFile { filename: "ServerScriptService\\Environment\\GameManager\\TexasHoldemCore\\Card.luau" }
Instruction: Adding ModuleScript ServerScriptService\Environment\GameManager\TexasHoldemCore/Lookup
Executing CreateFile { filename: "ServerScriptService\\Environment\\GameManager\\TexasHoldemCore\\Lookup.luau" }
Instruction: Adding ModuleScript ServerScriptService\Environment\GameManager\TexasHoldemCore/Analysis
Executing CreateFile { filename: "ServerScriptService\\Environment\\GameManager\\TexasHoldemCore\\Analysis.luau" }
Instruction: Adding ModuleScript ServerScriptService\Environment\GameManager\TexasHoldemCore/Prob
Executing CreateFile { filename: "ServerScriptService\\Environment\\GameManager\\TexasHoldemCore\\Prob.luau" }
Instruction: Adding ModuleScript ServerScriptService\Environment\GameManager\TexasHoldemCore/Underscore
Executing CreateFile { filename: "ServerScriptService\\Environment\\GameManager\\TexasHoldemCore\\Underscore.luau" }
Instruction: Adding ModuleScript ServerScriptService\Environment\GameManager\TexasHoldemCore/Bitop
Executing CreateFile { filename: "ServerScriptService\\Environment\\GameManager\\TexasHoldemCore\\Bitop.luau" }
Instruction: Adding Script ServerScriptService\Environment\GameManager\TexasHoldemCore/Voicelines
Executing CreateFile { filename: "ServerScriptService\\Environment\\GameManager\\TexasHoldemCore\\Voicelines.server.luau" }
Instruction: Adding metadata ServerScriptService\Environment\GameManager\TexasHoldemCore/TexasHoldem
Executing CreateFolder { folder: "ServerScriptService\\Environment\\GameManager\\TexasHoldemCore\\TexasHoldem" }
Executing CreateFile { filename: "ServerScriptService\\Environment\\GameManager\\TexasHoldemCore\\TexasHoldem\\init.meta.json" }
Instruction: Adding LocalScript ServerScriptService\Environment\GameManager\TexasHoldemCore\TexasHoldem/TexasHoldemLocalCore
Executing CreateFile { filename: "ServerScriptService\\Environment\\GameManager\\TexasHoldemCore\\TexasHoldem\\TexasHoldemLocalCore.client.luau" }
Instruction: Adding metadata ServerScriptService\Environment\GameManager\TexasHoldemCore\TexasHoldem/Backing
Executing CreateFolder { folder: "ServerScriptService\\Environment\\GameManager\\TexasHoldemCore\\TexasHoldem\\Backing" }
Executing CreateFile { filename: "ServerScriptService\\Environment\\GameManager\\TexasHoldemCore\\TexasHoldem\\Backing\\init.meta.json" }
Instruction: Adding metadata ServerScriptService\Environment\GameManager\TexasHoldemCore\TexasHoldem\Backing/Bet
Executing CreateFolder { folder: "ServerScriptService\\Environment\\GameManager\\TexasHoldemCore\\TexasHoldem\\Backing\\Bet" }
Executing CreateFile { filename: "ServerScriptService\\Environment\\GameManager\\TexasHoldemCore\\TexasHoldem\\Backing\\Bet\\init.meta.json" }
Instruction: Adding Folder ServerScriptService\Environment\GameManager\TexasHoldemCore\TexasHoldem\Backing\Bet/Scripts
Executing CreateFolder { folder: "ServerScriptService\\Environment\\GameManager\\TexasHoldemCore\\TexasHoldem\\Backing\\Bet\\Scripts" }
Executing CreateFile { filename: "ServerScriptService\\Environment\\GameManager\\TexasHoldemCore\\TexasHoldem\\Backing\\Bet\\Scripts\\init.meta.json" }
Instruction: Adding LocalScript ServerScriptService\Environment\GameManager\TexasHoldemCore\TexasHoldem\Backing\Bet\Scripts/ExtendTextButtonLocalScript
Executing CreateFile { filename: "ServerScriptService\\Environment\\GameManager\\TexasHoldemCore\\TexasHoldem\\Backing\\Bet\\Scripts\\ExtendTextButtonLocalScript.client.luau" }
Instruction: Adding metadata ServerScriptService\Environment\GameManager\TexasHoldemCore\TexasHoldem\Backing/Raise
Executing CreateFolder { folder: "ServerScriptService\\Environment\\GameManager\\TexasHoldemCore\\TexasHoldem\\Backing\\Raise" }
Executing CreateFile { filename: "ServerScriptService\\Environment\\GameManager\\TexasHoldemCore\\TexasHoldem\\Backing\\Raise\\init.meta.json" }
Instruction: Adding Folder ServerScriptService\Environment\GameManager\TexasHoldemCore\TexasHoldem\Backing\Raise/Scripts
Executing CreateFolder { folder: "ServerScriptService\\Environment\\GameManager\\TexasHoldemCore\\TexasHoldem\\Backing\\Raise\\Scripts" }
Executing CreateFile { filename: "ServerScriptService\\Environment\\GameManager\\TexasHoldemCore\\TexasHoldem\\Backing\\Raise\\Scripts\\init.meta.json" }
Instruction: Adding LocalScript ServerScriptService\Environment\GameManager\TexasHoldemCore\TexasHoldem\Backing\Raise\Scripts/ExtendTextButtonLocalScript
Executing CreateFile { filename: "ServerScriptService\\Environment\\GameManager\\TexasHoldemCore\\TexasHoldem\\Backing\\Raise\\Scripts\\ExtendTextButtonLocalScript.client.luau" }
Instruction: Adding metadata ServerScriptService\Environment\GameManager\TexasHoldemCore\TexasHoldem\Backing/Call
Executing CreateFolder { folder: "ServerScriptService\\Environment\\GameManager\\TexasHoldemCore\\TexasHoldem\\Backing\\Call" }
Executing CreateFile { filename: "ServerScriptService\\Environment\\GameManager\\TexasHoldemCore\\TexasHoldem\\Backing\\Call\\init.meta.json" }
Instruction: Adding Folder ServerScriptService\Environment\GameManager\TexasHoldemCore\TexasHoldem\Backing\Call/Scripts
Executing CreateFolder { folder: "ServerScriptService\\Environment\\GameManager\\TexasHoldemCore\\TexasHoldem\\Backing\\Call\\Scripts" }
Executing CreateFile { filename: "ServerScriptService\\Environment\\GameManager\\TexasHoldemCore\\TexasHoldem\\Backing\\Call\\Scripts\\init.meta.json" }
Instruction: Adding LocalScript ServerScriptService\Environment\GameManager\TexasHoldemCore\TexasHoldem\Backing\Call\Scripts/ExtendTextButtonLocalScript
Executing CreateFile { filename: "ServerScriptService\\Environment\\GameManager\\TexasHoldemCore\\TexasHoldem\\Backing\\Call\\Scripts\\ExtendTextButtonLocalScript.client.luau" }
Instruction: Adding metadata ServerScriptService\Environment\GameManager\TexasHoldemCore\TexasHoldem\Backing/Check
Executing CreateFolder { folder: "ServerScriptService\\Environment\\GameManager\\TexasHoldemCore\\TexasHoldem\\Backing\\Check" }
Executing CreateFile { filename: "ServerScriptService\\Environment\\GameManager\\TexasHoldemCore\\TexasHoldem\\Backing\\Check\\init.meta.json" }
Instruction: Adding Folder ServerScriptService\Environment\GameManager\TexasHoldemCore\TexasHoldem\Backing\Check/Scripts
Executing CreateFolder { folder: "ServerScriptService\\Environment\\GameManager\\TexasHoldemCore\\TexasHoldem\\Backing\\Check\\Scripts" }
Executing CreateFile { filename: "ServerScriptService\\Environment\\GameManager\\TexasHoldemCore\\TexasHoldem\\Backing\\Check\\Scripts\\init.meta.json" }
Instruction: Adding LocalScript ServerScriptService\Environment\GameManager\TexasHoldemCore\TexasHoldem\Backing\Check\Scripts/ExtendTextButtonLocalScript
Executing CreateFile { filename: "ServerScriptService\\Environment\\GameManager\\TexasHoldemCore\\TexasHoldem\\Backing\\Check\\Scripts\\ExtendTextButtonLocalScript.client.luau" }
Instruction: Adding metadata ServerScriptService\Environment\GameManager\TexasHoldemCore\TexasHoldem\Backing/Fold
Executing CreateFolder { folder: "ServerScriptService\\Environment\\GameManager\\TexasHoldemCore\\TexasHoldem\\Backing\\Fold" }
Executing CreateFile { filename: "ServerScriptService\\Environment\\GameManager\\TexasHoldemCore\\TexasHoldem\\Backing\\Fold\\init.meta.json" }
Instruction: Adding Folder ServerScriptService\Environment\GameManager\TexasHoldemCore\TexasHoldem\Backing\Fold/Scripts
Executing CreateFolder { folder: "ServerScriptService\\Environment\\GameManager\\TexasHoldemCore\\TexasHoldem\\Backing\\Fold\\Scripts" }
Executing CreateFile { filename: "ServerScriptService\\Environment\\GameManager\\TexasHoldemCore\\TexasHoldem\\Backing\\Fold\\Scripts\\init.meta.json" }
Instruction: Adding LocalScript ServerScriptService\Environment\GameManager\TexasHoldemCore\TexasHoldem\Backing\Fold\Scripts/ExtendTextButtonLocalScript
Executing CreateFile { filename: "ServerScriptService\\Environment\\GameManager\\TexasHoldemCore\\TexasHoldem\\Backing\\Fold\\Scripts\\ExtendTextButtonLocalScript.client.luau" }
Instruction: Adding Script ServerScriptService\Environment\GameManager/TournamentHoldemCore
Executing CreateFolder { folder: "ServerScriptService\\Environment\\GameManager\\TournamentHoldemCore" }
Executing CreateFile { filename: "ServerScriptService\\Environment\\GameManager\\TournamentHoldemCore\\init.server.luau" }
Instruction: Adding ModuleScript ServerScriptService\Environment\GameManager\TournamentHoldemCore/Card
Executing CreateFile { filename: "ServerScriptService\\Environment\\GameManager\\TournamentHoldemCore\\Card.luau" }
Instruction: Adding ModuleScript ServerScriptService\Environment\GameManager\TournamentHoldemCore/Lookup
Executing CreateFile { filename: "ServerScriptService\\Environment\\GameManager\\TournamentHoldemCore\\Lookup.luau" }
Instruction: Adding ModuleScript ServerScriptService\Environment\GameManager\TournamentHoldemCore/Analysis
Executing CreateFile { filename: "ServerScriptService\\Environment\\GameManager\\TournamentHoldemCore\\Analysis.luau" }
Instruction: Adding ModuleScript ServerScriptService\Environment\GameManager\TournamentHoldemCore/Prob
Executing CreateFile { filename: "ServerScriptService\\Environment\\GameManager\\TournamentHoldemCore\\Prob.luau" }
Instruction: Adding ModuleScript ServerScriptService\Environment\GameManager\TournamentHoldemCore/Underscore
Executing CreateFile { filename: "ServerScriptService\\Environment\\GameManager\\TournamentHoldemCore\\Underscore.luau" }
Instruction: Adding ModuleScript ServerScriptService\Environment\GameManager\TournamentHoldemCore/Bitop
Executing CreateFile { filename: "ServerScriptService\\Environment\\GameManager\\TournamentHoldemCore\\Bitop.luau" }
Instruction: Adding Script ServerScriptService\Environment\GameManager\TournamentHoldemCore/Voicelines
Executing CreateFile { filename: "ServerScriptService\\Environment\\GameManager\\TournamentHoldemCore\\Voicelines.server.luau" }
Instruction: Adding metadata ServerScriptService\Environment\GameManager\TournamentHoldemCore/TournamentHoldem
Executing CreateFolder { folder: "ServerScriptService\\Environment\\GameManager\\TournamentHoldemCore\\TournamentHoldem" }
Executing CreateFile { filename: "ServerScriptService\\Environment\\GameManager\\TournamentHoldemCore\\TournamentHoldem\\init.meta.json" }
Instruction: Adding metadata ServerScriptService\Environment\GameManager\TournamentHoldemCore\TournamentHoldem/Backing
Executing CreateFolder { folder: "ServerScriptService\\Environment\\GameManager\\TournamentHoldemCore\\TournamentHoldem\\Backing" }
Executing CreateFile { filename: "ServerScriptService\\Environment\\GameManager\\TournamentHoldemCore\\TournamentHoldem\\Backing\\init.meta.json" }
Instruction: Adding metadata ServerScriptService\Environment\GameManager\TournamentHoldemCore\TournamentHoldem\Backing/Bet
Executing CreateFolder { folder: "ServerScriptService\\Environment\\GameManager\\TournamentHoldemCore\\TournamentHoldem\\Backing\\Bet" }
Executing CreateFile { filename: "ServerScriptService\\Environment\\GameManager\\TournamentHoldemCore\\TournamentHoldem\\Backing\\Bet\\init.meta.json" }
Instruction: Adding Folder ServerScriptService\Environment\GameManager\TournamentHoldemCore\TournamentHoldem\Backing\Bet/Scripts
Executing CreateFolder { folder: "ServerScriptService\\Environment\\GameManager\\TournamentHoldemCore\\TournamentHoldem\\Backing\\Bet\\Scripts" }
Executing CreateFile { filename: "ServerScriptService\\Environment\\GameManager\\TournamentHoldemCore\\TournamentHoldem\\Backing\\Bet\\Scripts\\init.meta.json" }
Instruction: Adding LocalScript ServerScriptService\Environment\GameManager\TournamentHoldemCore\TournamentHoldem\Backing\Bet\Scripts/ExtendTextButtonLocalScript
Executing CreateFile { filename: "ServerScriptService\\Environment\\GameManager\\TournamentHoldemCore\\TournamentHoldem\\Backing\\Bet\\Scripts\\ExtendTextButtonLocalScript.client.luau" }
Instruction: Adding metadata ServerScriptService\Environment\GameManager\TournamentHoldemCore\TournamentHoldem\Backing/Raise
Executing CreateFolder { folder: "ServerScriptService\\Environment\\GameManager\\TournamentHoldemCore\\TournamentHoldem\\Backing\\Raise" }
Executing CreateFile { filename: "ServerScriptService\\Environment\\GameManager\\TournamentHoldemCore\\TournamentHoldem\\Backing\\Raise\\init.meta.json" }
Instruction: Adding Folder ServerScriptService\Environment\GameManager\TournamentHoldemCore\TournamentHoldem\Backing\Raise/Scripts
Executing CreateFolder { folder: "ServerScriptService\\Environment\\GameManager\\TournamentHoldemCore\\TournamentHoldem\\Backing\\Raise\\Scripts" }
Executing CreateFile { filename: "ServerScriptService\\Environment\\GameManager\\TournamentHoldemCore\\TournamentHoldem\\Backing\\Raise\\Scripts\\init.meta.json" }
Instruction: Adding LocalScript ServerScriptService\Environment\GameManager\TournamentHoldemCore\TournamentHoldem\Backing\Raise\Scripts/ExtendTextButtonLocalScript
Executing CreateFile { filename: "ServerScriptService\\Environment\\GameManager\\TournamentHoldemCore\\TournamentHoldem\\Backing\\Raise\\Scripts\\ExtendTextButtonLocalScript.client.luau" }
Instruction: Adding metadata ServerScriptService\Environment\GameManager\TournamentHoldemCore\TournamentHoldem\Backing/Call
Executing CreateFolder { folder: "ServerScriptService\\Environment\\GameManager\\TournamentHoldemCore\\TournamentHoldem\\Backing\\Call" }
Executing CreateFile { filename: "ServerScriptService\\Environment\\GameManager\\TournamentHoldemCore\\TournamentHoldem\\Backing\\Call\\init.meta.json" }
Instruction: Adding Folder ServerScriptService\Environment\GameManager\TournamentHoldemCore\TournamentHoldem\Backing\Call/Scripts
Executing CreateFolder { folder: "ServerScriptService\\Environment\\GameManager\\TournamentHoldemCore\\TournamentHoldem\\Backing\\Call\\Scripts" }
Executing CreateFile { filename: "ServerScriptService\\Environment\\GameManager\\TournamentHoldemCore\\TournamentHoldem\\Backing\\Call\\Scripts\\init.meta.json" }
Instruction: Adding LocalScript ServerScriptService\Environment\GameManager\TournamentHoldemCore\TournamentHoldem\Backing\Call\Scripts/ExtendTextButtonLocalScript
Executing CreateFile { filename: "ServerScriptService\\Environment\\GameManager\\TournamentHoldemCore\\TournamentHoldem\\Backing\\Call\\Scripts\\ExtendTextButtonLocalScript.client.luau" }
Instruction: Adding metadata ServerScriptService\Environment\GameManager\TournamentHoldemCore\TournamentHoldem\Backing/Check
Executing CreateFolder { folder: "ServerScriptService\\Environment\\GameManager\\TournamentHoldemCore\\TournamentHoldem\\Backing\\Check" }
Executing CreateFile { filename: "ServerScriptService\\Environment\\GameManager\\TournamentHoldemCore\\TournamentHoldem\\Backing\\Check\\init.meta.json" }
Instruction: Adding Folder ServerScriptService\Environment\GameManager\TournamentHoldemCore\TournamentHoldem\Backing\Check/Scripts
Executing CreateFolder { folder: "ServerScriptService\\Environment\\GameManager\\TournamentHoldemCore\\TournamentHoldem\\Backing\\Check\\Scripts" }
Executing CreateFile { filename: "ServerScriptService\\Environment\\GameManager\\TournamentHoldemCore\\TournamentHoldem\\Backing\\Check\\Scripts\\init.meta.json" }
Instruction: Adding LocalScript ServerScriptService\Environment\GameManager\TournamentHoldemCore\TournamentHoldem\Backing\Check\Scripts/ExtendTextButtonLocalScript
Executing CreateFile { filename: "ServerScriptService\\Environment\\GameManager\\TournamentHoldemCore\\TournamentHoldem\\Backing\\Check\\Scripts\\ExtendTextButtonLocalScript.client.luau" }
Instruction: Adding metadata ServerScriptService\Environment\GameManager\TournamentHoldemCore\TournamentHoldem\Backing/Fold
Executing CreateFolder { folder: "ServerScriptService\\Environment\\GameManager\\TournamentHoldemCore\\TournamentHoldem\\Backing\\Fold" }
Executing CreateFile { filename: "ServerScriptService\\Environment\\GameManager\\TournamentHoldemCore\\TournamentHoldem\\Backing\\Fold\\init.meta.json" }
Instruction: Adding Folder ServerScriptService\Environment\GameManager\TournamentHoldemCore\TournamentHoldem\Backing\Fold/Scripts
Executing CreateFolder { folder: "ServerScriptService\\Environment\\GameManager\\TournamentHoldemCore\\TournamentHoldem\\Backing\\Fold\\Scripts" }
Executing CreateFile { filename: "ServerScriptService\\Environment\\GameManager\\TournamentHoldemCore\\TournamentHoldem\\Backing\\Fold\\Scripts\\init.meta.json" }
Instruction: Adding LocalScript ServerScriptService\Environment\GameManager\TournamentHoldemCore\TournamentHoldem\Backing\Fold\Scripts/ExtendTextButtonLocalScript
Executing CreateFile { filename: "ServerScriptService\\Environment\\GameManager\\TournamentHoldemCore\\TournamentHoldem\\Backing\\Fold\\Scripts\\ExtendTextButtonLocalScript.client.luau" }
Instruction: Adding LocalScript ServerScriptService\Environment\GameManager\TournamentHoldemCore\TournamentHoldem/TexasHoldemLocalCore
Executing CreateFile { filename: "ServerScriptService\\Environment\\GameManager\\TournamentHoldemCore\\TournamentHoldem\\TexasHoldemLocalCore.client.luau" }
Instruction: Adding Script ServerScriptService\Environment\GameManager/SuiteCore
Executing CreateFile { filename: "ServerScriptService\\Environment\\GameManager\\SuiteCore.server.luau" }
Instruction: Adding Script ServerScriptService\Environment\GameManager/CashWheelCore
Executing CreateFolder { folder: "ServerScriptService\\Environment\\GameManager\\CashWheelCore" }
Executing CreateFile { filename: "ServerScriptService\\Environment\\GameManager\\CashWheelCore\\init.server.luau" }
Instruction: Adding metadata ServerScriptService\Environment\GameManager\CashWheelCore/CashWheel
Executing CreateFolder { folder: "ServerScriptService\\Environment\\GameManager\\CashWheelCore\\CashWheel" }
Executing CreateFile { filename: "ServerScriptService\\Environment\\GameManager\\CashWheelCore\\CashWheel\\init.meta.json" }
Instruction: Adding LocalScript ServerScriptService\Environment\GameManager\CashWheelCore\CashWheel/CashWheelLocalCore
Executing CreateFile { filename: "ServerScriptService\\Environment\\GameManager\\CashWheelCore\\CashWheel\\CashWheelLocalCore.client.luau" }
Instruction: Adding Script ServerScriptService\Environment\GameManager/ToggleBreaktime
Executing CreateFile { filename: "ServerScriptService\\Environment\\GameManager\\ToggleBreaktime.server.luau" }
Instruction: Adding Script ServerScriptService\Environment\GameManager/PlinkoCore
Executing CreateFolder { folder: "ServerScriptService\\Environment\\GameManager\\PlinkoCore" }
Executing CreateFile { filename: "ServerScriptService\\Environment\\GameManager\\PlinkoCore\\init.server.luau" }
Executing CreateFile { filename: "ServerScriptService\\Environment\\GameManager\\PlinkoCore\\init.meta.json" }
Instruction: Adding metadata ServerScriptService\Environment\GameManager\PlinkoCore/Plinko
Executing CreateFolder { folder: "ServerScriptService\\Environment\\GameManager\\PlinkoCore\\Plinko" }
Executing CreateFile { filename: "ServerScriptService\\Environment\\GameManager\\PlinkoCore\\Plinko\\init.meta.json" }
Instruction: Adding metadata ServerScriptService\Environment\GameManager\PlinkoCore\Plinko/Backing
Executing CreateFolder { folder: "ServerScriptService\\Environment\\GameManager\\PlinkoCore\\Plinko\\Backing" }
Executing CreateFile { filename: "ServerScriptService\\Environment\\GameManager\\PlinkoCore\\Plinko\\Backing\\init.meta.json" }
Instruction: Adding metadata ServerScriptService\Environment\GameManager\PlinkoCore\Plinko\Backing/Cancel
Executing CreateFolder { folder: "ServerScriptService\\Environment\\GameManager\\PlinkoCore\\Plinko\\Backing\\Cancel" }
Executing CreateFile { filename: "ServerScriptService\\Environment\\GameManager\\PlinkoCore\\Plinko\\Backing\\Cancel\\init.meta.json" }
Instruction: Adding Folder ServerScriptService\Environment\GameManager\PlinkoCore\Plinko\Backing\Cancel/Scripts
Executing CreateFolder { folder: "ServerScriptService\\Environment\\GameManager\\PlinkoCore\\Plinko\\Backing\\Cancel\\Scripts" }
Executing CreateFile { filename: "ServerScriptService\\Environment\\GameManager\\PlinkoCore\\Plinko\\Backing\\Cancel\\Scripts\\init.meta.json" }
Instruction: Adding LocalScript ServerScriptService\Environment\GameManager\PlinkoCore\Plinko\Backing\Cancel\Scripts/ExtendTextButtonLocalScript
Executing CreateFile { filename: "ServerScriptService\\Environment\\GameManager\\PlinkoCore\\Plinko\\Backing\\Cancel\\Scripts\\ExtendTextButtonLocalScript.client.luau" }
Instruction: Adding metadata ServerScriptService\Environment\GameManager\PlinkoCore\Plinko\Backing/MoveRight
Executing CreateFolder { folder: "ServerScriptService\\Environment\\GameManager\\PlinkoCore\\Plinko\\Backing\\MoveRight" }
Executing CreateFile { filename: "ServerScriptService\\Environment\\GameManager\\PlinkoCore\\Plinko\\Backing\\MoveRight\\init.meta.json" }
Instruction: Adding Folder ServerScriptService\Environment\GameManager\PlinkoCore\Plinko\Backing\MoveRight/Scripts
Executing CreateFolder { folder: "ServerScriptService\\Environment\\GameManager\\PlinkoCore\\Plinko\\Backing\\MoveRight\\Scripts" }
Executing CreateFile { filename: "ServerScriptService\\Environment\\GameManager\\PlinkoCore\\Plinko\\Backing\\MoveRight\\Scripts\\init.meta.json" }
Instruction: Adding LocalScript ServerScriptService\Environment\GameManager\PlinkoCore\Plinko\Backing\MoveRight\Scripts/ExtendTextButtonLocalScript
Executing CreateFile { filename: "ServerScriptService\\Environment\\GameManager\\PlinkoCore\\Plinko\\Backing\\MoveRight\\Scripts\\ExtendTextButtonLocalScript.client.luau" }
Instruction: Adding metadata ServerScriptService\Environment\GameManager\PlinkoCore\Plinko\Backing/MoveLeft
Executing CreateFolder { folder: "ServerScriptService\\Environment\\GameManager\\PlinkoCore\\Plinko\\Backing\\MoveLeft" }
Executing CreateFile { filename: "ServerScriptService\\Environment\\GameManager\\PlinkoCore\\Plinko\\Backing\\MoveLeft\\init.meta.json" }
Instruction: Adding Folder ServerScriptService\Environment\GameManager\PlinkoCore\Plinko\Backing\MoveLeft/Scripts
Executing CreateFolder { folder: "ServerScriptService\\Environment\\GameManager\\PlinkoCore\\Plinko\\Backing\\MoveLeft\\Scripts" }
Executing CreateFile { filename: "ServerScriptService\\Environment\\GameManager\\PlinkoCore\\Plinko\\Backing\\MoveLeft\\Scripts\\init.meta.json" }
Instruction: Adding LocalScript ServerScriptService\Environment\GameManager\PlinkoCore\Plinko\Backing\MoveLeft\Scripts/ExtendTextButtonLocalScript
Executing CreateFile { filename: "ServerScriptService\\Environment\\GameManager\\PlinkoCore\\Plinko\\Backing\\MoveLeft\\Scripts\\ExtendTextButtonLocalScript.client.luau" }
Instruction: Adding metadata ServerScriptService\Environment\GameManager\PlinkoCore\Plinko\Backing/Place
Executing CreateFolder { folder: "ServerScriptService\\Environment\\GameManager\\PlinkoCore\\Plinko\\Backing\\Place" }
Executing CreateFile { filename: "ServerScriptService\\Environment\\GameManager\\PlinkoCore\\Plinko\\Backing\\Place\\init.meta.json" }
Instruction: Adding Folder ServerScriptService\Environment\GameManager\PlinkoCore\Plinko\Backing\Place/Scripts
Executing CreateFolder { folder: "ServerScriptService\\Environment\\GameManager\\PlinkoCore\\Plinko\\Backing\\Place\\Scripts" }
Executing CreateFile { filename: "ServerScriptService\\Environment\\GameManager\\PlinkoCore\\Plinko\\Backing\\Place\\Scripts\\init.meta.json" }
Instruction: Adding LocalScript ServerScriptService\Environment\GameManager\PlinkoCore\Plinko\Backing\Place\Scripts/ExtendTextButtonLocalScript
Executing CreateFile { filename: "ServerScriptService\\Environment\\GameManager\\PlinkoCore\\Plinko\\Backing\\Place\\Scripts\\ExtendTextButtonLocalScript.client.luau" }
Instruction: Adding LocalScript ServerScriptService\Environment\GameManager\PlinkoCore\Plinko/PlinkoLocalCore
Executing CreateFile { filename: "ServerScriptService\\Environment\\GameManager\\PlinkoCore\\Plinko\\PlinkoLocalCore.client.luau" }
Executing CreateFile { filename: "ServerScriptService\\Environment\\GameManager\\PlinkoCore\\Plinko\\PlinkoLocalCore.meta.json" }
Instruction: Adding Script ServerScriptService\Environment\GameManager/CatalogHavenCore
Executing CreateFile { filename: "ServerScriptService\\Environment\\GameManager\\CatalogHavenCore.server.luau" }
Instruction: Adding Script ServerScriptService\Environment/NPCs
Executing CreateFolder { folder: "ServerScriptService\\Environment\\NPCs" }
Executing CreateFile { filename: "ServerScriptService\\Environment\\NPCs\\init.server.luau" }
Executing CreateFile { filename: "ServerScriptService\\Environment\\NPCs\\init.meta.json" }
Instruction: Adding Script ServerScriptService\Environment\NPCs/PlayGame
Executing CreateFile { filename: "ServerScriptService\\Environment\\NPCs\\PlayGame.server.luau" }
Executing CreateFile { filename: "ServerScriptService\\Environment\\NPCs\\PlayGame.meta.json" }
Instruction: Adding Folder ServerScriptService/Player
Executing CreateFolder { folder: "ServerScriptService\\Player" }
Executing CreateFile { filename: "ServerScriptService\\Player\\init.meta.json" }
Instruction: Adding Script ServerScriptService\Player/PlayerManager
Executing CreateFile { filename: "ServerScriptService\\Player\\PlayerManager.server.luau" }
Executing CreateFile { filename: "ServerScriptService\\Player\\PlayerManager.meta.json" }
Instruction: Adding Script ServerScriptService\Player/Leaderboards
Executing CreateFile { filename: "ServerScriptService\\Player\\Leaderboards.server.luau" }
Instruction: Adding Script ServerScriptService\Player/NexusVRCharacterModelLoader
Executing CreateFolder { folder: "ServerScriptService\\Player\\NexusVRCharacterModelLoader" }
Executing CreateFile { filename: "ServerScriptService\\Player\\NexusVRCharacterModelLoader\\init.server.luau" }
Instruction: Adding ModuleScript ServerScriptService\Player\NexusVRCharacterModelLoader/MainModule
Executing CreateFolder { folder: "ServerScriptService\\Player\\NexusVRCharacterModelLoader\\MainModule" }
Executing CreateFile { filename: "ServerScriptService\\Player\\NexusVRCharacterModelLoader\\MainModule\\init.luau" }
Instruction: Adding ModuleScript ServerScriptService\Player\NexusVRCharacterModelLoader\MainModule/NexusVRCharacterModel
Executing CreateFolder { folder: "ServerScriptService\\Player\\NexusVRCharacterModelLoader\\MainModule\\NexusVRCharacterModel" }
Executing CreateFile { filename: "ServerScriptService\\Player\\NexusVRCharacterModelLoader\\MainModule\\NexusVRCharacterModel\\init.luau" }
Instruction: Adding ModuleScript ServerScriptService\Player\NexusVRCharacterModelLoader\MainModule\NexusVRCharacterModel/Api
Executing CreateFile { filename: "ServerScriptService\\Player\\NexusVRCharacterModelLoader\\MainModule\\NexusVRCharacterModel\\Api.luau" }
Instruction: Adding ModuleScript ServerScriptService\Player\NexusVRCharacterModelLoader\MainModule\NexusVRCharacterModel/Character
Executing CreateFolder { folder: "ServerScriptService\\Player\\NexusVRCharacterModelLoader\\MainModule\\NexusVRCharacterModel\\Character" }
Executing CreateFile { filename: "ServerScriptService\\Player\\NexusVRCharacterModelLoader\\MainModule\\NexusVRCharacterModel\\Character\\init.luau" }
Instruction: Adding ModuleScript ServerScriptService\Player\NexusVRCharacterModelLoader\MainModule\NexusVRCharacterModel\Character/Appendage
Executing CreateFile { filename: "ServerScriptService\\Player\\NexusVRCharacterModelLoader\\MainModule\\NexusVRCharacterModel\\Character\\Appendage.luau" }
Instruction: Adding Folder ServerScriptService\Player\NexusVRCharacterModelLoader\MainModule\NexusVRCharacterModel\Character/Camera
Executing CreateFolder { folder: "ServerScriptService\\Player\\NexusVRCharacterModelLoader\\MainModule\\NexusVRCharacterModel\\Character\\Camera" }
Executing CreateFile { filename: "ServerScriptService\\Player\\NexusVRCharacterModelLoader\\MainModule\\NexusVRCharacterModel\\Character\\Camera\\init.meta.json" }
Instruction: Adding ModuleScript ServerScriptService\Player\NexusVRCharacterModelLoader\MainModule\NexusVRCharacterModel\Character\Camera/CommonCamera
Executing CreateFile { filename: "ServerScriptService\\Player\\NexusVRCharacterModelLoader\\MainModule\\NexusVRCharacterModel\\Character\\Camera\\CommonCamera.luau" }
Instruction: Adding ModuleScript ServerScriptService\Player\NexusVRCharacterModelLoader\MainModule\NexusVRCharacterModel\Character\Camera/DefaultCamera
Executing CreateFile { filename: "ServerScriptService\\Player\\NexusVRCharacterModelLoader\\MainModule\\NexusVRCharacterModel\\Character\\Camera\\DefaultCamera.luau" }
Instruction: Adding ModuleScript ServerScriptService\Player\NexusVRCharacterModelLoader\MainModule\NexusVRCharacterModel\Character\Camera/ThirdPersonTrackCamera
Executing CreateFile { filename: "ServerScriptService\\Player\\NexusVRCharacterModelLoader\\MainModule\\NexusVRCharacterModel\\Character\\Camera\\ThirdPersonTrackCamera.luau" }
Instruction: Adding Folder ServerScriptService\Player\NexusVRCharacterModelLoader\MainModule\NexusVRCharacterModel\Character/Controller
Executing CreateFolder { folder: "ServerScriptService\\Player\\NexusVRCharacterModelLoader\\MainModule\\NexusVRCharacterModel\\Character\\Controller" }
Executing CreateFile { filename: "ServerScriptService\\Player\\NexusVRCharacterModelLoader\\MainModule\\NexusVRCharacterModel\\Character\\Controller\\init.meta.json" }
Instruction: Adding ModuleScript ServerScriptService\Player\NexusVRCharacterModelLoader\MainModule\NexusVRCharacterModel\Character\Controller/BaseController
Executing CreateFile { filename: "ServerScriptService\\Player\\NexusVRCharacterModelLoader\\MainModule\\NexusVRCharacterModel\\Character\\Controller\\BaseController.luau" }
Instruction: Adding ModuleScript ServerScriptService\Player\NexusVRCharacterModelLoader\MainModule\NexusVRCharacterModel\Character\Controller/SmoothLocomotionController
Executing CreateFile { filename: "ServerScriptService\\Player\\NexusVRCharacterModelLoader\\MainModule\\NexusVRCharacterModel\\Character\\Controller\\SmoothLocomotionController.luau" }
Instruction: Adding ModuleScript ServerScriptService\Player\NexusVRCharacterModelLoader\MainModule\NexusVRCharacterModel\Character\Controller/TeleportController
Executing CreateFile { filename: "ServerScriptService\\Player\\NexusVRCharacterModelLoader\\MainModule\\NexusVRCharacterModel\\Character\\Controller\\TeleportController.luau" }
Instruction: Adding Folder ServerScriptService\Player\NexusVRCharacterModelLoader\MainModule\NexusVRCharacterModel\Character\Controller/Visual
Executing CreateFolder { folder: "ServerScriptService\\Player\\NexusVRCharacterModelLoader\\MainModule\\NexusVRCharacterModel\\Character\\Controller\\Visual" }
Executing CreateFile { filename: "ServerScriptService\\Player\\NexusVRCharacterModelLoader\\MainModule\\NexusVRCharacterModel\\Character\\Controller\\Visual\\init.meta.json" }
Instruction: Adding ModuleScript ServerScriptService\Player\NexusVRCharacterModelLoader\MainModule\NexusVRCharacterModel\Character\Controller\Visual/Arc
Executing CreateFile { filename: "ServerScriptService\\Player\\NexusVRCharacterModelLoader\\MainModule\\NexusVRCharacterModel\\Character\\Controller\\Visual\\Arc.luau" }
Instruction: Adding ModuleScript ServerScriptService\Player\NexusVRCharacterModelLoader\MainModule\NexusVRCharacterModel\Character\Controller\Visual/ArcWithBeacon
Executing CreateFile { filename: "ServerScriptService\\Player\\NexusVRCharacterModelLoader\\MainModule\\NexusVRCharacterModel\\Character\\Controller\\Visual\\ArcWithBeacon.luau" }
Instruction: Adding ModuleScript ServerScriptService\Player\NexusVRCharacterModelLoader\MainModule\NexusVRCharacterModel\Character\Controller\Visual/Beacon
Executing CreateFile { filename: "ServerScriptService\\Player\\NexusVRCharacterModelLoader\\MainModule\\NexusVRCharacterModel\\Character\\Controller\\Visual\\Beacon.luau" }
Instruction: Adding ModuleScript ServerScriptService\Player\NexusVRCharacterModelLoader\MainModule\NexusVRCharacterModel\Character/FootPlanter
Executing CreateFile { filename: "ServerScriptService\\Player\\NexusVRCharacterModelLoader\\MainModule\\NexusVRCharacterModel\\Character\\FootPlanter.luau" }
Instruction: Adding ModuleScript ServerScriptService\Player\NexusVRCharacterModelLoader\MainModule\NexusVRCharacterModel\Character/Head
Executing CreateFile { filename: "ServerScriptService\\Player\\NexusVRCharacterModelLoader\\MainModule\\NexusVRCharacterModel\\Character\\Head.luau" }
Instruction: Adding ModuleScript ServerScriptService\Player\NexusVRCharacterModelLoader\MainModule\NexusVRCharacterModel\Character/Torso
Executing CreateFile { filename: "ServerScriptService\\Player\\NexusVRCharacterModelLoader\\MainModule\\NexusVRCharacterModel\\Character\\Torso.luau" }
Instruction: Adding LocalScript ServerScriptService\Player\NexusVRCharacterModelLoader\MainModule\NexusVRCharacterModel/NexusVRCharacterModelClientLoader
Executing CreateFile { filename: "ServerScriptService\\Player\\NexusVRCharacterModelLoader\\MainModule\\NexusVRCharacterModel\\NexusVRCharacterModelClientLoader.client.luau" }
Instruction: Adding Folder ServerScriptService\Player\NexusVRCharacterModelLoader\MainModule\NexusVRCharacterModel/State
Executing CreateFolder { folder: "ServerScriptService\\Player\\NexusVRCharacterModelLoader\\MainModule\\NexusVRCharacterModel\\State" }
Executing CreateFile { filename: "ServerScriptService\\Player\\NexusVRCharacterModelLoader\\MainModule\\NexusVRCharacterModel\\State\\init.meta.json" }
Instruction: Adding ModuleScript ServerScriptService\Player\NexusVRCharacterModelLoader\MainModule\NexusVRCharacterModel\State/CameraService
Executing CreateFile { filename: "ServerScriptService\\Player\\NexusVRCharacterModelLoader\\MainModule\\NexusVRCharacterModel\\State\\CameraService.luau" }
Instruction: Adding ModuleScript ServerScriptService\Player\NexusVRCharacterModelLoader\MainModule\NexusVRCharacterModel\State/CharacterService
Executing CreateFile { filename: "ServerScriptService\\Player\\NexusVRCharacterModelLoader\\MainModule\\NexusVRCharacterModel\\State\\CharacterService.luau" }
Instruction: Adding ModuleScript ServerScriptService\Player\NexusVRCharacterModelLoader\MainModule\NexusVRCharacterModel\State/ControlService
Executing CreateFile { filename: "ServerScriptService\\Player\\NexusVRCharacterModelLoader\\MainModule\\NexusVRCharacterModel\\State\\ControlService.luau" }
Instruction: Adding ModuleScript ServerScriptService\Player\NexusVRCharacterModelLoader\MainModule\NexusVRCharacterModel\State/DefaultCursorService
Executing CreateFile { filename: "ServerScriptService\\Player\\NexusVRCharacterModelLoader\\MainModule\\NexusVRCharacterModel\\State\\DefaultCursorService.luau" }
Instruction: Adding ModuleScript ServerScriptService\Player\NexusVRCharacterModelLoader\MainModule\NexusVRCharacterModel\State/RateLimiter
Executing CreateFile { filename: "ServerScriptService\\Player\\NexusVRCharacterModelLoader\\MainModule\\NexusVRCharacterModel\\State\\RateLimiter.luau" }
Instruction: Adding ModuleScript ServerScriptService\Player\NexusVRCharacterModelLoader\MainModule\NexusVRCharacterModel\State/Settings
Executing CreateFile { filename: "ServerScriptService\\Player\\NexusVRCharacterModelLoader\\MainModule\\NexusVRCharacterModel\\State\\Settings.luau" }
Instruction: Adding ModuleScript ServerScriptService\Player\NexusVRCharacterModelLoader\MainModule\NexusVRCharacterModel\State/VRInputService
Executing CreateFile { filename: "ServerScriptService\\Player\\NexusVRCharacterModelLoader\\MainModule\\NexusVRCharacterModel\\State\\VRInputService.luau" }
Instruction: Adding Folder ServerScriptService\Player\NexusVRCharacterModelLoader\MainModule\NexusVRCharacterModel/UI
Executing CreateFolder { folder: "ServerScriptService\\Player\\NexusVRCharacterModelLoader\\MainModule\\NexusVRCharacterModel\\UI" }
Executing CreateFile { filename: "ServerScriptService\\Player\\NexusVRCharacterModelLoader\\MainModule\\NexusVRCharacterModel\\UI\\init.meta.json" }
Instruction: Adding ModuleScript ServerScriptService\Player\NexusVRCharacterModelLoader\MainModule\NexusVRCharacterModel\UI/MainMenu
Executing CreateFile { filename: "ServerScriptService\\Player\\NexusVRCharacterModelLoader\\MainModule\\NexusVRCharacterModel\\UI\\MainMenu.luau" }
Instruction: Adding ModuleScript ServerScriptService\Player\NexusVRCharacterModelLoader\MainModule\NexusVRCharacterModel\UI/R6Message
Executing CreateFile { filename: "ServerScriptService\\Player\\NexusVRCharacterModelLoader\\MainModule\\NexusVRCharacterModel\\UI\\R6Message.luau" }
Instruction: Adding Folder ServerScriptService\Player\NexusVRCharacterModelLoader\MainModule\NexusVRCharacterModel\UI/View
Executing CreateFolder { folder: "ServerScriptService\\Player\\NexusVRCharacterModelLoader\\MainModule\\NexusVRCharacterModel\\UI\\View" }
Executing CreateFile { filename: "ServerScriptService\\Player\\NexusVRCharacterModelLoader\\MainModule\\NexusVRCharacterModel\\UI\\View\\init.meta.json" }
Instruction: Adding ModuleScript ServerScriptService\Player\NexusVRCharacterModelLoader\MainModule\NexusVRCharacterModel\UI\View/ApiBaseView
Executing CreateFile { filename: "ServerScriptService\\Player\\NexusVRCharacterModelLoader\\MainModule\\NexusVRCharacterModel\\UI\\View\\ApiBaseView.luau" }
Instruction: Adding ModuleScript ServerScriptService\Player\NexusVRCharacterModelLoader\MainModule\NexusVRCharacterModel\UI\View/ChatView
Executing CreateFile { filename: "ServerScriptService\\Player\\NexusVRCharacterModelLoader\\MainModule\\NexusVRCharacterModel\\UI\\View\\ChatView.luau" }
Instruction: Adding ModuleScript ServerScriptService\Player\NexusVRCharacterModelLoader\MainModule\NexusVRCharacterModel\UI\View/SettingsView
Executing CreateFile { filename: "ServerScriptService\\Player\\NexusVRCharacterModelLoader\\MainModule\\NexusVRCharacterModel\\UI\\View\\SettingsView.luau" }
Instruction: Adding Folder ServerScriptService\Player\NexusVRCharacterModelLoader\MainModule\NexusVRCharacterModel/Util
Executing CreateFolder { folder: "ServerScriptService\\Player\\NexusVRCharacterModelLoader\\MainModule\\NexusVRCharacterModel\\Util" }
Executing CreateFile { filename: "ServerScriptService\\Player\\NexusVRCharacterModelLoader\\MainModule\\NexusVRCharacterModel\\Util\\init.meta.json" }
Instruction: Adding ModuleScript ServerScriptService\Player\NexusVRCharacterModelLoader\MainModule\NexusVRCharacterModel\Util/FindCollidablePartOnRay
Executing CreateFile { filename: "ServerScriptService\\Player\\NexusVRCharacterModelLoader\\MainModule\\NexusVRCharacterModel\\Util\\FindCollidablePartOnRay.luau" }
Instruction: Adding ModuleScript ServerScriptService\Player\NexusVRCharacterModelLoader\MainModule\NexusVRCharacterModel\Util/Warnings
Executing CreateFile { filename: "ServerScriptService\\Player\\NexusVRCharacterModelLoader\\MainModule\\NexusVRCharacterModel\\Util\\Warnings.luau" }
Instruction: Adding Folder ServerScriptService\Player\NexusVRCharacterModelLoader\MainModule\NexusVRCharacterModel/NexusAppendage
Executing CreateFolder { folder: "ServerScriptService\\Player\\NexusVRCharacterModelLoader\\MainModule\\NexusVRCharacterModel\\NexusAppendage" }
Executing CreateFile { filename: "ServerScriptService\\Player\\NexusVRCharacterModelLoader\\MainModule\\NexusVRCharacterModel\\NexusAppendage\\init.meta.json" }
Instruction: Adding ModuleScript ServerScriptService\Player\NexusVRCharacterModelLoader\MainModule\NexusVRCharacterModel\NexusAppendage/Appendage
Executing CreateFile { filename: "ServerScriptService\\Player\\NexusVRCharacterModelLoader\\MainModule\\NexusVRCharacterModel\\NexusAppendage\\Appendage.luau" }
Instruction: Adding ModuleScript ServerScriptService\Player\NexusVRCharacterModelLoader\MainModule\NexusVRCharacterModel\NexusAppendage/Limb
Executing CreateFile { filename: "ServerScriptService\\Player\\NexusVRCharacterModelLoader\\MainModule\\NexusVRCharacterModel\\NexusAppendage\\Limb.luau" }
Instruction: Adding ModuleScript ServerScriptService\Player\NexusVRCharacterModelLoader\MainModule\NexusVRCharacterModel/NexusButton
Executing CreateFolder { folder: "ServerScriptService\\Player\\NexusVRCharacterModelLoader\\MainModule\\NexusVRCharacterModel\\NexusButton" }
Executing CreateFile { filename: "ServerScriptService\\Player\\NexusVRCharacterModelLoader\\MainModule\\NexusVRCharacterModel\\NexusButton\\init.luau" }
Instruction: Adding ModuleScript ServerScriptService\Player\NexusVRCharacterModelLoader\MainModule\NexusVRCharacterModel\NexusButton/ControllerIcon
Executing CreateFile { filename: "ServerScriptService\\Player\\NexusVRCharacterModelLoader\\MainModule\\NexusVRCharacterModel\\NexusButton\\ControllerIcon.luau" }
Instruction: Adding Folder ServerScriptService\Player\NexusVRCharacterModelLoader\MainModule\NexusVRCharacterModel\NexusButton/Factory
Executing CreateFolder { folder: "ServerScriptService\\Player\\NexusVRCharacterModelLoader\\MainModule\\NexusVRCharacterModel\\NexusButton\\Factory" }
Executing CreateFile { filename: "ServerScriptService\\Player\\NexusVRCharacterModelLoader\\MainModule\\NexusVRCharacterModel\\NexusButton\\Factory\\init.meta.json" }
Instruction: Adding ModuleScript ServerScriptService\Player\NexusVRCharacterModelLoader\MainModule\NexusVRCharacterModel\NexusButton\Factory/ButtonFactory
Executing CreateFile { filename: "ServerScriptService\\Player\\NexusVRCharacterModelLoader\\MainModule\\NexusVRCharacterModel\\NexusButton\\Factory\\ButtonFactory.luau" }
Instruction: Adding ModuleScript ServerScriptService\Player\NexusVRCharacterModelLoader\MainModule\NexusVRCharacterModel\NexusButton\Factory/TextButtonFactory
Executing CreateFile { filename: "ServerScriptService\\Player\\NexusVRCharacterModelLoader\\MainModule\\NexusVRCharacterModel\\NexusButton\\Factory\\TextButtonFactory.luau" }
Instruction: Adding ModuleScript ServerScriptService\Player\NexusVRCharacterModelLoader\MainModule\NexusVRCharacterModel\NexusButton/ThemedFrame
Executing CreateFile { filename: "ServerScriptService\\Player\\NexusVRCharacterModelLoader\\MainModule\\NexusVRCharacterModel\\NexusButton\\ThemedFrame.luau" }
Instruction: Adding ModuleScript ServerScriptService\Player\NexusVRCharacterModelLoader\MainModule\NexusVRCharacterModel\NexusButton/NexusWrappedInstance
Executing CreateFolder { folder: "ServerScriptService\\Player\\NexusVRCharacterModelLoader\\MainModule\\NexusVRCharacterModel\\NexusButton\\NexusWrappedInstance" }
Executing CreateFile { filename: "ServerScriptService\\Player\\NexusVRCharacterModelLoader\\MainModule\\NexusVRCharacterModel\\NexusButton\\NexusWrappedInstance\\init.luau" }
Instruction: Adding Folder ServerScriptService\Player\NexusVRCharacterModelLoader\MainModule\NexusVRCharacterModel\NexusButton\NexusWrappedInstance/NexusInstance
Executing CreateFolder { folder: "ServerScriptService\\Player\\NexusVRCharacterModelLoader\\MainModule\\NexusVRCharacterModel\\NexusButton\\NexusWrappedInstance\\NexusInstance" }
Executing CreateFile { filename: "ServerScriptService\\Player\\NexusVRCharacterModelLoader\\MainModule\\NexusVRCharacterModel\\NexusButton\\NexusWrappedInstance\\NexusInstance\\init.meta.json" }
Instruction: Adding Folder ServerScriptService\Player\NexusVRCharacterModelLoader\MainModule\NexusVRCharacterModel\NexusButton\NexusWrappedInstance\NexusInstance/Event
Executing CreateFolder { folder: "ServerScriptService\\Player\\NexusVRCharacterModelLoader\\MainModule\\NexusVRCharacterModel\\NexusButton\\NexusWrappedInstance\\NexusInstance\\Event" }
Executing CreateFile { filename: "ServerScriptService\\Player\\NexusVRCharacterModelLoader\\MainModule\\NexusVRCharacterModel\\NexusButton\\NexusWrappedInstance\\NexusInstance\\Event\\init.meta.json" }
Instruction: Adding ModuleScript ServerScriptService\Player\NexusVRCharacterModelLoader\MainModule\NexusVRCharacterModel\NexusButton\NexusWrappedInstance\NexusInstance\Event/NexusConnection
Executing CreateFile { filename: "ServerScriptService\\Player\\NexusVRCharacterModelLoader\\MainModule\\NexusVRCharacterModel\\NexusButton\\NexusWrappedInstance\\NexusInstance\\Event\\NexusConnection.luau" }
Instruction: Adding ModuleScript ServerScriptService\Player\NexusVRCharacterModelLoader\MainModule\NexusVRCharacterModel\NexusButton\NexusWrappedInstance\NexusInstance\Event/NexusEvent
Executing CreateFile { filename: "ServerScriptService\\Player\\NexusVRCharacterModelLoader\\MainModule\\NexusVRCharacterModel\\NexusButton\\NexusWrappedInstance\\NexusInstance\\Event\\NexusEvent.luau" }
Instruction: Adding ModuleScript ServerScriptService\Player\NexusVRCharacterModelLoader\MainModule\NexusVRCharacterModel\NexusButton\NexusWrappedInstance\NexusInstance/NexusInstance
Executing CreateFile { filename: "ServerScriptService\\Player\\NexusVRCharacterModelLoader\\MainModule\\NexusVRCharacterModel\\NexusButton\\NexusWrappedInstance\\NexusInstance\\NexusInstance.luau" }
Instruction: Adding ModuleScript ServerScriptService\Player\NexusVRCharacterModelLoader\MainModule\NexusVRCharacterModel\NexusButton\NexusWrappedInstance\NexusInstance/NexusObject
Executing CreateFile { filename: "ServerScriptService\\Player\\NexusVRCharacterModelLoader\\MainModule\\NexusVRCharacterModel\\NexusButton\\NexusWrappedInstance\\NexusInstance\\NexusObject.luau" }
Instruction: Adding Folder ServerScriptService\Player\NexusVRCharacterModelLoader\MainModule\NexusVRCharacterModel\NexusButton\NexusWrappedInstance\NexusInstance/PropertyValidator
Executing CreateFolder { folder: "ServerScriptService\\Player\\NexusVRCharacterModelLoader\\MainModule\\NexusVRCharacterModel\\NexusButton\\NexusWrappedInstance\\NexusInstance\\PropertyValidator" }
Executing CreateFile { filename: "ServerScriptService\\Player\\NexusVRCharacterModelLoader\\MainModule\\NexusVRCharacterModel\\NexusButton\\NexusWrappedInstance\\NexusInstance\\PropertyValidator\\init.meta.json" }
Instruction: Adding ModuleScript ServerScriptService\Player\NexusVRCharacterModelLoader\MainModule\NexusVRCharacterModel\NexusButton\NexusWrappedInstance\NexusInstance\PropertyValidator/TypePropertyValidator
Executing CreateFile { filename: "ServerScriptService\\Player\\NexusVRCharacterModelLoader\\MainModule\\NexusVRCharacterModel\\NexusButton\\NexusWrappedInstance\\NexusInstance\\PropertyValidator\\TypePropertyValidator.luau" }
Instruction: Adding Folder ServerScriptService\Player\NexusVRCharacterModelLoader\MainModule\NexusVRCharacterModel/NexusInstance
Executing CreateFolder { folder: "ServerScriptService\\Player\\NexusVRCharacterModelLoader\\MainModule\\NexusVRCharacterModel\\NexusInstance" }
Executing CreateFile { filename: "ServerScriptService\\Player\\NexusVRCharacterModelLoader\\MainModule\\NexusVRCharacterModel\\NexusInstance\\init.meta.json" }
Instruction: Adding Folder ServerScriptService\Player\NexusVRCharacterModelLoader\MainModule\NexusVRCharacterModel\NexusInstance/Event
Executing CreateFolder { folder: "ServerScriptService\\Player\\NexusVRCharacterModelLoader\\MainModule\\NexusVRCharacterModel\\NexusInstance\\Event" }
Executing CreateFile { filename: "ServerScriptService\\Player\\NexusVRCharacterModelLoader\\MainModule\\NexusVRCharacterModel\\NexusInstance\\Event\\init.meta.json" }
Instruction: Adding ModuleScript ServerScriptService\Player\NexusVRCharacterModelLoader\MainModule\NexusVRCharacterModel\NexusInstance\Event/NexusConnection
Executing CreateFile { filename: "ServerScriptService\\Player\\NexusVRCharacterModelLoader\\MainModule\\NexusVRCharacterModel\\NexusInstance\\Event\\NexusConnection.luau" }
Instruction: Adding ModuleScript ServerScriptService\Player\NexusVRCharacterModelLoader\MainModule\NexusVRCharacterModel\NexusInstance\Event/NexusEvent
Executing CreateFile { filename: "ServerScriptService\\Player\\NexusVRCharacterModelLoader\\MainModule\\NexusVRCharacterModel\\NexusInstance\\Event\\NexusEvent.luau" }
Instruction: Adding ModuleScript ServerScriptService\Player\NexusVRCharacterModelLoader\MainModule\NexusVRCharacterModel\NexusInstance/NexusInstance
Executing CreateFile { filename: "ServerScriptService\\Player\\NexusVRCharacterModelLoader\\MainModule\\NexusVRCharacterModel\\NexusInstance\\NexusInstance.luau" }
Instruction: Adding ModuleScript ServerScriptService\Player\NexusVRCharacterModelLoader\MainModule\NexusVRCharacterModel\NexusInstance/NexusObject
Executing CreateFile { filename: "ServerScriptService\\Player\\NexusVRCharacterModelLoader\\MainModule\\NexusVRCharacterModel\\NexusInstance\\NexusObject.luau" }
Instruction: Adding Folder ServerScriptService\Player\NexusVRCharacterModelLoader\MainModule\NexusVRCharacterModel\NexusInstance/PropertyValidator
Executing CreateFolder { folder: "ServerScriptService\\Player\\NexusVRCharacterModelLoader\\MainModule\\NexusVRCharacterModel\\NexusInstance\\PropertyValidator" }
Executing CreateFile { filename: "ServerScriptService\\Player\\NexusVRCharacterModelLoader\\MainModule\\NexusVRCharacterModel\\NexusInstance\\PropertyValidator\\init.meta.json" }
Instruction: Adding ModuleScript ServerScriptService\Player\NexusVRCharacterModelLoader\MainModule\NexusVRCharacterModel\NexusInstance\PropertyValidator/TypePropertyValidator
Executing CreateFile { filename: "ServerScriptService\\Player\\NexusVRCharacterModelLoader\\MainModule\\NexusVRCharacterModel\\NexusInstance\\PropertyValidator\\TypePropertyValidator.luau" }
Instruction: Adding ModuleScript ServerScriptService\Player\NexusVRCharacterModelLoader\MainModule\NexusVRCharacterModel/NexusVRCore
Executing CreateFolder { folder: "ServerScriptService\\Player\\NexusVRCharacterModelLoader\\MainModule\\NexusVRCharacterModel\\NexusVRCore" }
Executing CreateFile { filename: "ServerScriptService\\Player\\NexusVRCharacterModelLoader\\MainModule\\NexusVRCharacterModel\\NexusVRCore\\init.luau" }
Instruction: Adding Folder ServerScriptService\Player\NexusVRCharacterModelLoader\MainModule\NexusVRCharacterModel\NexusVRCore/Container
Executing CreateFolder { folder: "ServerScriptService\\Player\\NexusVRCharacterModelLoader\\MainModule\\NexusVRCharacterModel\\NexusVRCore\\Container" }
Executing CreateFile { filename: "ServerScriptService\\Player\\NexusVRCharacterModelLoader\\MainModule\\NexusVRCharacterModel\\NexusVRCore\\Container\\init.meta.json" }
Instruction: Adding ModuleScript ServerScriptService\Player\NexusVRCharacterModelLoader\MainModule\NexusVRCharacterModel\NexusVRCore\Container/BaseScreenGui
Executing CreateFile { filename: "ServerScriptService\\Player\\NexusVRCharacterModelLoader\\MainModule\\NexusVRCharacterModel\\NexusVRCore\\Container\\BaseScreenGui.luau" }
Instruction: Adding ModuleScript ServerScriptService\Player\NexusVRCharacterModelLoader\MainModule\NexusVRCharacterModel\NexusVRCore\Container/ScreenGui
Executing CreateFile { filename: "ServerScriptService\\Player\\NexusVRCharacterModelLoader\\MainModule\\NexusVRCharacterModel\\NexusVRCore\\Container\\ScreenGui.luau" }
Instruction: Adding ModuleScript ServerScriptService\Player\NexusVRCharacterModelLoader\MainModule\NexusVRCharacterModel\NexusVRCore\Container/ScreenGui2D
Executing CreateFile { filename: "ServerScriptService\\Player\\NexusVRCharacterModelLoader\\MainModule\\NexusVRCharacterModel\\NexusVRCore\\Container\\ScreenGui2D.luau" }
Instruction: Adding ModuleScript ServerScriptService\Player\NexusVRCharacterModelLoader\MainModule\NexusVRCharacterModel\NexusVRCore\Container/ScreenGui3D
Executing CreateFile { filename: "ServerScriptService\\Player\\NexusVRCharacterModelLoader\\MainModule\\NexusVRCharacterModel\\NexusVRCore\\Container\\ScreenGui3D.luau" }
Instruction: Adding Folder ServerScriptService\Player\NexusVRCharacterModelLoader\MainModule\NexusVRCharacterModel\NexusVRCore/Utility
Executing CreateFolder { folder: "ServerScriptService\\Player\\NexusVRCharacterModelLoader\\MainModule\\NexusVRCharacterModel\\NexusVRCore\\Utility" }
Executing CreateFile { filename: "ServerScriptService\\Player\\NexusVRCharacterModelLoader\\MainModule\\NexusVRCharacterModel\\NexusVRCore\\Utility\\init.meta.json" }
Instruction: Adding ModuleScript ServerScriptService\Player\NexusVRCharacterModelLoader\MainModule\NexusVRCharacterModel\NexusVRCore\Utility/PartUtility
Executing CreateFile { filename: "ServerScriptService\\Player\\NexusVRCharacterModelLoader\\MainModule\\NexusVRCharacterModel\\NexusVRCore\\Utility\\PartUtility.luau" }
Instruction: Adding Folder ServerScriptService\Player\NexusVRCharacterModelLoader\MainModule\NexusVRCharacterModel\NexusVRCore/NexusInstance
Executing CreateFolder { folder: "ServerScriptService\\Player\\NexusVRCharacterModelLoader\\MainModule\\NexusVRCharacterModel\\NexusVRCore\\NexusInstance" }
Executing CreateFile { filename: "ServerScriptService\\Player\\NexusVRCharacterModelLoader\\MainModule\\NexusVRCharacterModel\\NexusVRCore\\NexusInstance\\init.meta.json" }
Instruction: Adding Folder ServerScriptService\Player\NexusVRCharacterModelLoader\MainModule\NexusVRCharacterModel\NexusVRCore\NexusInstance/Event
Executing CreateFolder { folder: "ServerScriptService\\Player\\NexusVRCharacterModelLoader\\MainModule\\NexusVRCharacterModel\\NexusVRCore\\NexusInstance\\Event" }
Executing CreateFile { filename: "ServerScriptService\\Player\\NexusVRCharacterModelLoader\\MainModule\\NexusVRCharacterModel\\NexusVRCore\\NexusInstance\\Event\\init.meta.json" }
Instruction: Adding ModuleScript ServerScriptService\Player\NexusVRCharacterModelLoader\MainModule\NexusVRCharacterModel\NexusVRCore\NexusInstance\Event/NexusConnection
Executing CreateFile { filename: "ServerScriptService\\Player\\NexusVRCharacterModelLoader\\MainModule\\NexusVRCharacterModel\\NexusVRCore\\NexusInstance\\Event\\NexusConnection.luau" }
Instruction: Adding ModuleScript ServerScriptService\Player\NexusVRCharacterModelLoader\MainModule\NexusVRCharacterModel\NexusVRCore\NexusInstance\Event/NexusEvent
Executing CreateFile { filename: "ServerScriptService\\Player\\NexusVRCharacterModelLoader\\MainModule\\NexusVRCharacterModel\\NexusVRCore\\NexusInstance\\Event\\NexusEvent.luau" }
Instruction: Adding ModuleScript ServerScriptService\Player\NexusVRCharacterModelLoader\MainModule\NexusVRCharacterModel\NexusVRCore\NexusInstance/NexusInstance
Executing CreateFile { filename: "ServerScriptService\\Player\\NexusVRCharacterModelLoader\\MainModule\\NexusVRCharacterModel\\NexusVRCore\\NexusInstance\\NexusInstance.luau" }
Instruction: Adding ModuleScript ServerScriptService\Player\NexusVRCharacterModelLoader\MainModule\NexusVRCharacterModel\NexusVRCore\NexusInstance/NexusObject
Executing CreateFile { filename: "ServerScriptService\\Player\\NexusVRCharacterModelLoader\\MainModule\\NexusVRCharacterModel\\NexusVRCore\\NexusInstance\\NexusObject.luau" }
Instruction: Adding Folder ServerScriptService\Player\NexusVRCharacterModelLoader\MainModule\NexusVRCharacterModel\NexusVRCore\NexusInstance/PropertyValidator
Executing CreateFolder { folder: "ServerScriptService\\Player\\NexusVRCharacterModelLoader\\MainModule\\NexusVRCharacterModel\\NexusVRCore\\NexusInstance\\PropertyValidator" }
Executing CreateFile { filename: "ServerScriptService\\Player\\NexusVRCharacterModelLoader\\MainModule\\NexusVRCharacterModel\\NexusVRCore\\NexusInstance\\PropertyValidator\\init.meta.json" }
Instruction: Adding ModuleScript ServerScriptService\Player\NexusVRCharacterModelLoader\MainModule\NexusVRCharacterModel\NexusVRCore\NexusInstance\PropertyValidator/TypePropertyValidator
Executing CreateFile { filename: "ServerScriptService\\Player\\NexusVRCharacterModelLoader\\MainModule\\NexusVRCharacterModel\\NexusVRCore\\NexusInstance\\PropertyValidator\\TypePropertyValidator.luau" }
Instruction: Adding Script ServerScriptService\Player/ProductProcess
Executing CreateFile { filename: "ServerScriptService\\Player\\ProductProcess.server.luau" }
Instruction: Adding Script ServerScriptService\Player/PlayersListPlus
Executing CreateFolder { folder: "ServerScriptService\\Player\\PlayersListPlus" }
Executing CreateFile { filename: "ServerScriptService\\Player\\PlayersListPlus\\init.server.luau" }
Instruction: Adding ModuleScript ServerScriptService\Player\PlayersListPlus/Server
Executing CreateFile { filename: "ServerScriptService\\Player\\PlayersListPlus\\Server.luau" }
Instruction: Adding Folder ServerScriptService/BetterChat V3
Executing CreateFolder { folder: "ServerScriptService\\BetterChat V3" }
Executing CreateFile { filename: "ServerScriptService\\BetterChat V3\\init.meta.json" }
Instruction: Adding ModuleScript ServerScriptService\BetterChat V3/Config
Executing CreateFolder { folder: "ServerScriptService\\BetterChat V3\\Config" }
Executing CreateFile { filename: "ServerScriptService\\BetterChat V3\\Config\\init.luau" }
Instruction: Adding Script ServerScriptService\BetterChat V3\Config/Loader
Executing CreateFolder { folder: "ServerScriptService\\BetterChat V3\\Config\\Loader" }
Executing CreateFile { filename: "ServerScriptService\\BetterChat V3\\Config\\Loader\\init.server.luau" }
Instruction: Adding ModuleScript ServerScriptService\BetterChat V3\Config\Loader/oldsrc
Executing CreateFolder { folder: "ServerScriptService\\BetterChat V3\\Config\\Loader\\oldsrc" }
Executing CreateFile { filename: "ServerScriptService\\BetterChat V3\\Config\\Loader\\oldsrc\\init.luau" }
Instruction: Adding Folder ServerScriptService\BetterChat V3\Config\Loader\oldsrc/core
Executing CreateFolder { folder: "ServerScriptService\\BetterChat V3\\Config\\Loader\\oldsrc\\core" }
Executing CreateFile { filename: "ServerScriptService\\BetterChat V3\\Config\\Loader\\oldsrc\\core\\init.meta.json" }
Instruction: Adding Folder ServerScriptService\BetterChat V3\Config\Loader\oldsrc\core/constructors
Executing CreateFolder { folder: "ServerScriptService\\BetterChat V3\\Config\\Loader\\oldsrc\\core\\constructors" }
Executing CreateFile { filename: "ServerScriptService\\BetterChat V3\\Config\\Loader\\oldsrc\\core\\constructors\\init.meta.json" }
Instruction: Adding ModuleScript ServerScriptService\BetterChat V3\Config\Loader\oldsrc\core\constructors/speaker
Executing CreateFile { filename: "ServerScriptService\\BetterChat V3\\Config\\Loader\\oldsrc\\core\\constructors\\speaker.luau" }
Instruction: Adding ModuleScript ServerScriptService\BetterChat V3\Config\Loader\oldsrc\core\constructors/channel
Executing CreateFile { filename: "ServerScriptService\\BetterChat V3\\Config\\Loader\\oldsrc\\core\\constructors\\channel.luau" }
Instruction: Adding ModuleScript ServerScriptService\BetterChat V3\Config\Loader\oldsrc\core\constructors/message
Executing CreateFile { filename: "ServerScriptService\\BetterChat V3\\Config\\Loader\\oldsrc\\core\\constructors\\message.luau" }
Instruction: Adding ModuleScript ServerScriptService\BetterChat V3\Config\Loader\oldsrc\core/rateLimit
Executing CreateFile { filename: "ServerScriptService\\BetterChat V3\\Config\\Loader\\oldsrc\\core\\rateLimit.luau" }
Instruction: Adding ModuleScript ServerScriptService\BetterChat V3\Config\Loader\oldsrc\core/permission
Executing CreateFile { filename: "ServerScriptService\\BetterChat V3\\Config\\Loader\\oldsrc\\core\\permission.luau" }
Instruction: Adding Folder ServerScriptService\BetterChat V3\Config\Loader\oldsrc\core/services
Executing CreateFolder { folder: "ServerScriptService\\BetterChat V3\\Config\\Loader\\oldsrc\\core\\services" }
Executing CreateFile { filename: "ServerScriptService\\BetterChat V3\\Config\\Loader\\oldsrc\\core\\services\\init.meta.json" }
Instruction: Adding ModuleScript ServerScriptService\BetterChat V3\Config\Loader\oldsrc\core\services/marketplace
Executing CreateFile { filename: "ServerScriptService\\BetterChat V3\\Config\\Loader\\oldsrc\\core\\services\\marketplace.luau" }
Instruction: Adding ModuleScript ServerScriptService\BetterChat V3\Config\Loader\oldsrc\core\services/profile
Executing CreateFile { filename: "ServerScriptService\\BetterChat V3\\Config\\Loader\\oldsrc\\core\\services\\profile.luau" }
Instruction: Adding ModuleScript ServerScriptService\BetterChat V3\Config\Loader\oldsrc\core/api
Executing CreateFile { filename: "ServerScriptService\\BetterChat V3\\Config\\Loader\\oldsrc\\core\\api.luau" }
Instruction: Adding ModuleScript ServerScriptService\BetterChat V3\Config\Loader\oldsrc\core/filter
Executing CreateFile { filename: "ServerScriptService\\BetterChat V3\\Config\\Loader\\oldsrc\\core\\filter.luau" }
Instruction: Adding Folder ServerScriptService\BetterChat V3\Config\Loader\oldsrc\core/utility
Executing CreateFolder { folder: "ServerScriptService\\BetterChat V3\\Config\\Loader\\oldsrc\\core\\utility" }
Executing CreateFile { filename: "ServerScriptService\\BetterChat V3\\Config\\Loader\\oldsrc\\core\\utility\\init.meta.json" }
Instruction: Adding ModuleScript ServerScriptService\BetterChat V3\Config\Loader\oldsrc\core\utility/main
Executing CreateFile { filename: "ServerScriptService\\BetterChat V3\\Config\\Loader\\oldsrc\\core\\utility\\main.luau" }
Instruction: Adding Folder ServerScriptService\BetterChat V3\Config\Loader\oldsrc\core\utility/dependencies
Executing CreateFolder { folder: "ServerScriptService\\BetterChat V3\\Config\\Loader\\oldsrc\\core\\utility\\dependencies" }
Executing CreateFile { filename: "ServerScriptService\\BetterChat V3\\Config\\Loader\\oldsrc\\core\\utility\\dependencies\\init.meta.json" }
Instruction: Adding LocalScript ServerScriptService\BetterChat V3\Config\Loader\oldsrc\core\utility\dependencies/chatInstaller
Executing CreateFile { filename: "ServerScriptService\\BetterChat V3\\Config\\Loader\\oldsrc\\core\\utility\\dependencies\\chatInstaller.client.luau" }
Instruction: Adding ModuleScript ServerScriptService\BetterChat V3\Config\Loader\oldsrc\core\utility\dependencies/extract
Executing CreateFile { filename: "ServerScriptService\\BetterChat V3\\Config\\Loader\\oldsrc\\core\\utility\\dependencies\\extract.luau" }
Instruction: Adding Folder ServerScriptService\BetterChat V3\Config\Loader\oldsrc/shared
Executing CreateFolder { folder: "ServerScriptService\\BetterChat V3\\Config\\Loader\\oldsrc\\shared" }
Executing CreateFile { filename: "ServerScriptService\\BetterChat V3\\Config\\Loader\\oldsrc\\shared\\init.meta.json" }
Instruction: Adding ModuleScript ServerScriptService\BetterChat V3\Config\Loader\oldsrc\shared/network
Executing CreateFile { filename: "ServerScriptService\\BetterChat V3\\Config\\Loader\\oldsrc\\shared\\network.luau" }
Instruction: Adding Folder ServerScriptService\BetterChat V3\Config\Loader\oldsrc\shared/events
Executing CreateFolder { folder: "ServerScriptService\\BetterChat V3\\Config\\Loader\\oldsrc\\shared\\events" }
Executing CreateFile { filename: "ServerScriptService\\BetterChat V3\\Config\\Loader\\oldsrc\\shared\\events\\init.meta.json" }
Instruction: Adding ModuleScript ServerScriptService\BetterChat V3\Config\Loader\oldsrc\shared\events/_placeholder
Executing CreateFile { filename: "ServerScriptService\\BetterChat V3\\Config\\Loader\\oldsrc\\shared\\events\\_placeholder.luau" }
Instruction: Adding Folder ServerScriptService\BetterChat V3\Config\Loader\oldsrc\shared/addons
Executing CreateFolder { folder: "ServerScriptService\\BetterChat V3\\Config\\Loader\\oldsrc\\shared\\addons" }
Executing CreateFile { filename: "ServerScriptService\\BetterChat V3\\Config\\Loader\\oldsrc\\shared\\addons\\init.meta.json" }
Instruction: Adding ModuleScript ServerScriptService\BetterChat V3\Config\Loader\oldsrc\shared\addons/_placeholder
Executing CreateFile { filename: "ServerScriptService\\BetterChat V3\\Config\\Loader\\oldsrc\\shared\\addons\\_placeholder.luau" }
Instruction: Adding Folder ServerScriptService\BetterChat V3\Config\Loader\oldsrc\shared/loading
Executing CreateFolder { folder: "ServerScriptService\\BetterChat V3\\Config\\Loader\\oldsrc\\shared\\loading" }
Executing CreateFile { filename: "ServerScriptService\\BetterChat V3\\Config\\Loader\\oldsrc\\shared\\loading\\init.meta.json" }
Instruction: Adding ModuleScript ServerScriptService\BetterChat V3\Config\Loader\oldsrc\shared\loading/_placeholder
Executing CreateFile { filename: "ServerScriptService\\BetterChat V3\\Config\\Loader\\oldsrc\\shared\\loading\\_placeholder.luau" }
Instruction: Adding ModuleScript ServerScriptService\BetterChat V3\Config\Loader\oldsrc\shared/signal
Executing CreateFile { filename: "ServerScriptService\\BetterChat V3\\Config\\Loader\\oldsrc\\shared\\signal.luau" }
Instruction: Adding ModuleScript ServerScriptService\BetterChat V3\Config\Loader\oldsrc\shared/wrap
Executing CreateFile { filename: "ServerScriptService\\BetterChat V3\\Config\\Loader\\oldsrc\\shared\\wrap.luau" }
Instruction: Adding Folder ServerScriptService\BetterChat V3\Config\Loader\oldsrc\shared/formatting
Executing CreateFolder { folder: "ServerScriptService\\BetterChat V3\\Config\\Loader\\oldsrc\\shared\\formatting" }
Executing CreateFile { filename: "ServerScriptService\\BetterChat V3\\Config\\Loader\\oldsrc\\shared\\formatting\\init.meta.json" }
Instruction: Adding ModuleScript ServerScriptService\BetterChat V3\Config\Loader\oldsrc\shared\formatting/richText
Executing CreateFile { filename: "ServerScriptService\\BetterChat V3\\Config\\Loader\\oldsrc\\shared\\formatting\\richText.luau" }
Instruction: Adding ModuleScript ServerScriptService\BetterChat V3\Config\Loader\oldsrc\shared\formatting/markdown
Executing CreateFile { filename: "ServerScriptService\\BetterChat V3\\Config\\Loader\\oldsrc\\shared\\formatting\\markdown.luau" }
Instruction: Adding ModuleScript ServerScriptService\BetterChat V3\Config\Loader\oldsrc\shared\formatting/color
Executing CreateFile { filename: "ServerScriptService\\BetterChat V3\\Config\\Loader\\oldsrc\\shared\\formatting\\color.luau" }
Instruction: Adding ModuleScript ServerScriptService\BetterChat V3\Config\Loader\oldsrc\shared/xml
Executing CreateFile { filename: "ServerScriptService\\BetterChat V3\\Config\\Loader\\oldsrc\\shared\\xml.luau" }
Instruction: Adding Folder ServerScriptService\BetterChat V3\Config\Loader\oldsrc/client
Executing CreateFolder { folder: "ServerScriptService\\BetterChat V3\\Config\\Loader\\oldsrc\\client" }
Executing CreateFile { filename: "ServerScriptService\\BetterChat V3\\Config\\Loader\\oldsrc\\client\\init.meta.json" }
Instruction: Adding LocalScript ServerScriptService\BetterChat V3\Config\Loader\oldsrc\client/load
Executing CreateFile { filename: "ServerScriptService\\BetterChat V3\\Config\\Loader\\oldsrc\\client\\load.client.luau" }
Instruction: Adding Folder ServerScriptService\BetterChat V3\Config\Loader\oldsrc\client/modules
Executing CreateFolder { folder: "ServerScriptService\\BetterChat V3\\Config\\Loader\\oldsrc\\client\\modules" }
Executing CreateFile { filename: "ServerScriptService\\BetterChat V3\\Config\\Loader\\oldsrc\\client\\modules\\init.meta.json" }
Instruction: Adding Folder ServerScriptService\BetterChat V3\Config\Loader\oldsrc\client\modules/core
Executing CreateFolder { folder: "ServerScriptService\\BetterChat V3\\Config\\Loader\\oldsrc\\client\\modules\\core" }
Executing CreateFile { filename: "ServerScriptService\\BetterChat V3\\Config\\Loader\\oldsrc\\client\\modules\\core\\init.meta.json" }
Instruction: Adding ModuleScript ServerScriptService\BetterChat V3\Config\Loader\oldsrc\client\modules\core/connections
Executing CreateFile { filename: "ServerScriptService\\BetterChat V3\\Config\\Loader\\oldsrc\\client\\modules\\core\\connections.luau" }
Instruction: Adding ModuleScript ServerScriptService\BetterChat V3\Config\Loader\oldsrc\client\modules\core/utility
Executing CreateFile { filename: "ServerScriptService\\BetterChat V3\\Config\\Loader\\oldsrc\\client\\modules\\core\\utility.luau" }
Instruction: Adding ModuleScript ServerScriptService\BetterChat V3\Config\Loader\oldsrc\client\modules\core/localization
Executing CreateFile { filename: "ServerScriptService\\BetterChat V3\\Config\\Loader\\oldsrc\\client\\modules\\core\\localization.luau" }
Instruction: Adding Folder ServerScriptService\BetterChat V3\Config\Loader\oldsrc\client\modules\core/messages
Executing CreateFolder { folder: "ServerScriptService\\BetterChat V3\\Config\\Loader\\oldsrc\\client\\modules\\core\\messages" }
Executing CreateFile { filename: "ServerScriptService\\BetterChat V3\\Config\\Loader\\oldsrc\\client\\modules\\core\\messages\\init.meta.json" }
Instruction: Adding ModuleScript ServerScriptService\BetterChat V3\Config\Loader\oldsrc\client\modules\core\messages/system
Executing CreateFile { filename: "ServerScriptService\\BetterChat V3\\Config\\Loader\\oldsrc\\client\\modules\\core\\messages\\system.luau" }
Instruction: Adding Folder ServerScriptService\BetterChat V3\Config\Loader\oldsrc\client\modules\core\messages/templates
Executing CreateFolder { folder: "ServerScriptService\\BetterChat V3\\Config\\Loader\\oldsrc\\client\\modules\\core\\messages\\templates" }
Executing CreateFile { filename: "ServerScriptService\\BetterChat V3\\Config\\Loader\\oldsrc\\client\\modules\\core\\messages\\templates\\init.meta.json" }
Instruction: Adding ModuleScript ServerScriptService\BetterChat V3\Config\Loader\oldsrc\client\modules\core\messages\templates/regular
Executing CreateFile { filename: "ServerScriptService\\BetterChat V3\\Config\\Loader\\oldsrc\\client\\modules\\core\\messages\\templates\\regular.luau" }
Instruction: Adding ModuleScript ServerScriptService\BetterChat V3\Config\Loader\oldsrc\client\modules\core\messages\templates/reply
Executing CreateFile { filename: "ServerScriptService\\BetterChat V3\\Config\\Loader\\oldsrc\\client\\modules\\core\\messages\\templates\\reply.luau" }
Instruction: Adding ModuleScript ServerScriptService\BetterChat V3\Config\Loader\oldsrc\client\modules\core\messages/default
Executing CreateFile { filename: "ServerScriptService\\BetterChat V3\\Config\\Loader\\oldsrc\\client\\modules\\core\\messages\\default.luau" }
Instruction: Adding ModuleScript ServerScriptService\BetterChat V3\Config\Loader\oldsrc\client\modules\core\messages/reply
Executing CreateFile { filename: "ServerScriptService\\BetterChat V3\\Config\\Loader\\oldsrc\\client\\modules\\core\\messages\\reply.luau" }
Instruction: Adding Folder ServerScriptService\BetterChat V3\Config\Loader\oldsrc\client\modules\core\messages/util
Executing CreateFolder { folder: "ServerScriptService\\BetterChat V3\\Config\\Loader\\oldsrc\\client\\modules\\core\\messages\\util" }
Executing CreateFile { filename: "ServerScriptService\\BetterChat V3\\Config\\Loader\\oldsrc\\client\\modules\\core\\messages\\util\\init.meta.json" }
Instruction: Adding ModuleScript ServerScriptService\BetterChat V3\Config\Loader\oldsrc\client\modules\core\messages\util/functions
Executing CreateFile { filename: "ServerScriptService\\BetterChat V3\\Config\\Loader\\oldsrc\\client\\modules\\core\\messages\\util\\functions.luau" }
Instruction: Adding ModuleScript ServerScriptService\BetterChat V3\Config\Loader\oldsrc\client\modules\core\messages\util/prompt
Executing CreateFile { filename: "ServerScriptService\\BetterChat V3\\Config\\Loader\\oldsrc\\client\\modules\\core\\messages\\util\\prompt.luau" }
Instruction: Adding ModuleScript ServerScriptService\BetterChat V3\Config\Loader\oldsrc\client\modules\core\messages\util/lineDetector
Executing CreateFile { filename: "ServerScriptService\\BetterChat V3\\Config\\Loader\\oldsrc\\client\\modules\\core\\messages\\util\\lineDetector.luau" }
Instruction: Adding ModuleScript ServerScriptService\BetterChat V3\Config\Loader\oldsrc\client\modules\core\messages\util/spritesheet
Executing CreateFile { filename: "ServerScriptService\\BetterChat V3\\Config\\Loader\\oldsrc\\client\\modules\\core\\messages\\util\\spritesheet.luau" }
Instruction: Adding Folder ServerScriptService\BetterChat V3\Config\Loader\oldsrc\client\modules\core/commands
Executing CreateFolder { folder: "ServerScriptService\\BetterChat V3\\Config\\Loader\\oldsrc\\client\\modules\\core\\commands" }
Executing CreateFile { filename: "ServerScriptService\\BetterChat V3\\Config\\Loader\\oldsrc\\client\\modules\\core\\commands\\init.meta.json" }
Instruction: Adding Folder ServerScriptService\BetterChat V3\Config\Loader\oldsrc\client\modules\core\commands/list
Executing CreateFolder { folder: "ServerScriptService\\BetterChat V3\\Config\\Loader\\oldsrc\\client\\modules\\core\\commands\\list" }
Executing CreateFile { filename: "ServerScriptService\\BetterChat V3\\Config\\Loader\\oldsrc\\client\\modules\\core\\commands\\list\\init.meta.json" }
Instruction: Adding ModuleScript ServerScriptService\BetterChat V3\Config\Loader\oldsrc\client\modules\core\commands\list/console
Executing CreateFile { filename: "ServerScriptService\\BetterChat V3\\Config\\Loader\\oldsrc\\client\\modules\\core\\commands\\list\\console.luau" }
Instruction: Adding ModuleScript ServerScriptService\BetterChat V3\Config\Loader\oldsrc\client\modules\core\commands\list/dance
Executing CreateFile { filename: "ServerScriptService\\BetterChat V3\\Config\\Loader\\oldsrc\\client\\modules\\core\\commands\\list\\dance.luau" }
Instruction: Adding ModuleScript ServerScriptService\BetterChat V3\Config\Loader\oldsrc\client\modules\core\commands\list/customEmojis
Executing CreateFile { filename: "ServerScriptService\\BetterChat V3\\Config\\Loader\\oldsrc\\client\\modules\\core\\commands\\list\\customEmojis.luau" }
Instruction: Adding ModuleScript ServerScriptService\BetterChat V3\Config\Loader\oldsrc\client\modules\core\commands\list/mute
Executing CreateFile { filename: "ServerScriptService\\BetterChat V3\\Config\\Loader\\oldsrc\\client\\modules\\core\\commands\\list\\mute.luau" }
Instruction: Adding ModuleScript ServerScriptService\BetterChat V3\Config\Loader\oldsrc\client\modules\core\commands\list/unmute
Executing CreateFile { filename: "ServerScriptService\\BetterChat V3\\Config\\Loader\\oldsrc\\client\\modules\\core\\commands\\list\\unmute.luau" }
Instruction: Adding ModuleScript ServerScriptService\BetterChat V3\Config\Loader\oldsrc\client\modules\core\commands\list/settings
Executing CreateFile { filename: "ServerScriptService\\BetterChat V3\\Config\\Loader\\oldsrc\\client\\modules\\core\\commands\\list\\settings.luau" }
Instruction: Adding ModuleScript ServerScriptService\BetterChat V3\Config\Loader\oldsrc\client\modules\core\commands\list/help
Executing CreateFile { filename: "ServerScriptService\\BetterChat V3\\Config\\Loader\\oldsrc\\client\\modules\\core\\commands\\list\\help.luau" }
Instruction: Adding ModuleScript ServerScriptService\BetterChat V3\Config\Loader\oldsrc\client\modules\core\commands/processor
Executing CreateFile { filename: "ServerScriptService\\BetterChat V3\\Config\\Loader\\oldsrc\\client\\modules\\core\\commands\\processor.luau" }
Instruction: Adding Folder ServerScriptService\BetterChat V3\Config\Loader\oldsrc\client\modules\core/constructors
Executing CreateFolder { folder: "ServerScriptService\\BetterChat V3\\Config\\Loader\\oldsrc\\client\\modules\\core\\constructors" }
Executing CreateFile { filename: "ServerScriptService\\BetterChat V3\\Config\\Loader\\oldsrc\\client\\modules\\core\\constructors\\init.meta.json" }
Instruction: Adding ModuleScript ServerScriptService\BetterChat V3\Config\Loader\oldsrc\client\modules\core\constructors/slider
Executing CreateFile { filename: "ServerScriptService\\BetterChat V3\\Config\\Loader\\oldsrc\\client\\modules\\core\\constructors\\slider.luau" }
Instruction: Adding ModuleScript ServerScriptService\BetterChat V3\Config\Loader\oldsrc\client\modules\core\constructors/toggle
Executing CreateFile { filename: "ServerScriptService\\BetterChat V3\\Config\\Loader\\oldsrc\\client\\modules\\core\\constructors\\toggle.luau" }
Instruction: Adding ModuleScript ServerScriptService\BetterChat V3\Config\Loader\oldsrc\client\modules\core\constructors/dropdown
Executing CreateFile { filename: "ServerScriptService\\BetterChat V3\\Config\\Loader\\oldsrc\\client\\modules\\core\\constructors\\dropdown.luau" }
Instruction: Adding ModuleScript ServerScriptService\BetterChat V3\Config\Loader\oldsrc\client\modules\core\constructors/quickChatDropdown
Executing CreateFile { filename: "ServerScriptService\\BetterChat V3\\Config\\Loader\\oldsrc\\client\\modules\\core\\constructors\\quickChatDropdown.luau" }
Instruction: Adding ModuleScript ServerScriptService\BetterChat V3\Config\Loader\oldsrc\client\modules\core\constructors/buildViewport
Executing CreateFile { filename: "ServerScriptService\\BetterChat V3\\Config\\Loader\\oldsrc\\client\\modules\\core\\constructors\\buildViewport.luau" }
Instruction: Adding Folder ServerScriptService\BetterChat V3\Config\Loader\oldsrc\client\modules\core\constructors/util
Executing CreateFolder { folder: "ServerScriptService\\BetterChat V3\\Config\\Loader\\oldsrc\\client\\modules\\core\\constructors\\util" }
Executing CreateFile { filename: "ServerScriptService\\BetterChat V3\\Config\\Loader\\oldsrc\\client\\modules\\core\\constructors\\util\\init.meta.json" }
Instruction: Adding ModuleScript ServerScriptService\BetterChat V3\Config\Loader\oldsrc\client\modules\core\constructors\util/zlib
Executing CreateFile { filename: "ServerScriptService\\BetterChat V3\\Config\\Loader\\oldsrc\\client\\modules\\core\\constructors\\util\\zlib.luau" }
Instruction: Adding ModuleScript ServerScriptService\BetterChat V3\Config\Loader\oldsrc\client\modules\core\constructors\util/main
Executing CreateFile { filename: "ServerScriptService\\BetterChat V3\\Config\\Loader\\oldsrc\\client\\modules\\core\\constructors\\util\\main.luau" }
Instruction: Adding ModuleScript ServerScriptService\BetterChat V3\Config\Loader\oldsrc\client\modules\core\constructors\util/slider
Executing CreateFile { filename: "ServerScriptService\\BetterChat V3\\Config\\Loader\\oldsrc\\client\\modules\\core\\constructors\\util\\slider.luau" }
Instruction: Adding ModuleScript ServerScriptService\BetterChat V3\Config\Loader\oldsrc\client\modules\core\constructors/colorPicker
Executing CreateFile { filename: "ServerScriptService\\BetterChat V3\\Config\\Loader\\oldsrc\\client\\modules\\core\\constructors\\colorPicker.luau" }
Instruction: Adding ModuleScript ServerScriptService\BetterChat V3\Config\Loader\oldsrc\client\modules\core\constructors/helpDropdown
Executing CreateFile { filename: "ServerScriptService\\BetterChat V3\\Config\\Loader\\oldsrc\\client\\modules\\core\\constructors\\helpDropdown.luau" }
Instruction: Adding ModuleScript ServerScriptService\BetterChat V3\Config\Loader\oldsrc\client\modules\core/settingsMenu
Executing CreateFile { filename: "ServerScriptService\\BetterChat V3\\Config\\Loader\\oldsrc\\client\\modules\\core\\settingsMenu.luau" }
Instruction: Adding ModuleScript ServerScriptService\BetterChat V3\Config\Loader\oldsrc\client\modules\core/chat
Executing CreateFile { filename: "ServerScriptService\\BetterChat V3\\Config\\Loader\\oldsrc\\client\\modules\\core\\chat.luau" }
Instruction: Adding ModuleScript ServerScriptService\BetterChat V3\Config\Loader\oldsrc\client\modules\core/api
Executing CreateFile { filename: "ServerScriptService\\BetterChat V3\\Config\\Loader\\oldsrc\\client\\modules\\core\\api.luau" }
Instruction: Adding Folder ServerScriptService\BetterChat V3\Config\Loader\oldsrc\client\modules\core/topbarPlus
Executing CreateFolder { folder: "ServerScriptService\\BetterChat V3\\Config\\Loader\\oldsrc\\client\\modules\\core\\topbarPlus" }
Executing CreateFile { filename: "ServerScriptService\\BetterChat V3\\Config\\Loader\\oldsrc\\client\\modules\\core\\topbarPlus\\init.meta.json" }
Instruction: Adding ModuleScript ServerScriptService\BetterChat V3\Config\Loader\oldsrc\client\modules\core\topbarPlus/icons
Executing CreateFile { filename: "ServerScriptService\\BetterChat V3\\Config\\Loader\\oldsrc\\client\\modules\\core\\topbarPlus\\icons.luau" }
Instruction: Adding Folder ServerScriptService\BetterChat V3\Config\Loader\oldsrc\client\modules\core\topbarPlus/TopbarPlus
Executing CreateFolder { folder: "ServerScriptService\\BetterChat V3\\Config\\Loader\\oldsrc\\client\\modules\\core\\topbarPlus\\TopbarPlus" }
Executing CreateFile { filename: "ServerScriptService\\BetterChat V3\\Config\\Loader\\oldsrc\\client\\modules\\core\\topbarPlus\\TopbarPlus\\init.meta.json" }
Instruction: Adding ModuleScript ServerScriptService\BetterChat V3\Config\Loader\oldsrc\client\modules\core\topbarPlus\TopbarPlus/Icon
Executing CreateFile { filename: "ServerScriptService\\BetterChat V3\\Config\\Loader\\oldsrc\\client\\modules\\core\\topbarPlus\\TopbarPlus\\Icon.luau" }
Instruction: Adding Folder ServerScriptService\BetterChat V3\Config\Loader\oldsrc\client\modules\core\topbarPlus\TopbarPlus/Dependencies
Executing CreateFolder { folder: "ServerScriptService\\BetterChat V3\\Config\\Loader\\oldsrc\\client\\modules\\core\\topbarPlus\\TopbarPlus\\Dependencies" }
Executing CreateFile { filename: "ServerScriptService\\BetterChat V3\\Config\\Loader\\oldsrc\\client\\modules\\core\\topbarPlus\\TopbarPlus\\Dependencies\\init.meta.json" }
Instruction: Adding Folder ServerScriptService\BetterChat V3\Config\Loader\oldsrc\client\modules\core\topbarPlus\TopbarPlus\Dependencies/Elements
Executing CreateFolder { folder: "ServerScriptService\\BetterChat V3\\Config\\Loader\\oldsrc\\client\\modules\\core\\topbarPlus\\TopbarPlus\\Dependencies\\Elements" }
Executing CreateFile { filename: "ServerScriptService\\BetterChat V3\\Config\\Loader\\oldsrc\\client\\modules\\core\\topbarPlus\\TopbarPlus\\Dependencies\\Elements\\init.meta.json" }
Instruction: Adding ModuleScript ServerScriptService\BetterChat V3\Config\Loader\oldsrc\client\modules\core\topbarPlus\TopbarPlus\Dependencies\Elements/Caption
Executing CreateFile { filename: "ServerScriptService\\BetterChat V3\\Config\\Loader\\oldsrc\\client\\modules\\core\\topbarPlus\\TopbarPlus\\Dependencies\\Elements\\Caption.luau" }
Instruction: Adding ModuleScript ServerScriptService\BetterChat V3\Config\Loader\oldsrc\client\modules\core\topbarPlus\TopbarPlus\Dependencies\Elements/Container
Executing CreateFile { filename: "ServerScriptService\\BetterChat V3\\Config\\Loader\\oldsrc\\client\\modules\\core\\topbarPlus\\TopbarPlus\\Dependencies\\Elements\\Container.luau" }
Instruction: Adding ModuleScript ServerScriptService\BetterChat V3\Config\Loader\oldsrc\client\modules\core\topbarPlus\TopbarPlus\Dependencies\Elements/Dropdown
Executing CreateFile { filename: "ServerScriptService\\BetterChat V3\\Config\\Loader\\oldsrc\\client\\modules\\core\\topbarPlus\\TopbarPlus\\Dependencies\\Elements\\Dropdown.luau" }
Instruction: Adding ModuleScript ServerScriptService\BetterChat V3\Config\Loader\oldsrc\client\modules\core\topbarPlus\TopbarPlus\Dependencies\Elements/Indicator
Executing CreateFile { filename: "ServerScriptService\\BetterChat V3\\Config\\Loader\\oldsrc\\client\\modules\\core\\topbarPlus\\TopbarPlus\\Dependencies\\Elements\\Indicator.luau" }
Instruction: Adding ModuleScript ServerScriptService\BetterChat V3\Config\Loader\oldsrc\client\modules\core\topbarPlus\TopbarPlus\Dependencies\Elements/Menu
Executing CreateFile { filename: "ServerScriptService\\BetterChat V3\\Config\\Loader\\oldsrc\\client\\modules\\core\\topbarPlus\\TopbarPlus\\Dependencies\\Elements\\Menu.luau" }
Instruction: Adding ModuleScript ServerScriptService\BetterChat V3\Config\Loader\oldsrc\client\modules\core\topbarPlus\TopbarPlus\Dependencies\Elements/Selection
Executing CreateFile { filename: "ServerScriptService\\BetterChat V3\\Config\\Loader\\oldsrc\\client\\modules\\core\\topbarPlus\\TopbarPlus\\Dependencies\\Elements\\Selection.luau" }
Instruction: Adding ModuleScript ServerScriptService\BetterChat V3\Config\Loader\oldsrc\client\modules\core\topbarPlus\TopbarPlus\Dependencies\Elements/Widget
Executing CreateFile { filename: "ServerScriptService\\BetterChat V3\\Config\\Loader\\oldsrc\\client\\modules\\core\\topbarPlus\\TopbarPlus\\Dependencies\\Elements\\Widget.luau" }
Instruction: Adding ModuleScript ServerScriptService\BetterChat V3\Config\Loader\oldsrc\client\modules\core\topbarPlus\TopbarPlus\Dependencies\Elements/Notice
Executing CreateFile { filename: "ServerScriptService\\BetterChat V3\\Config\\Loader\\oldsrc\\client\\modules\\core\\topbarPlus\\TopbarPlus\\Dependencies\\Elements\\Notice.luau" }
Instruction: Adding Folder ServerScriptService\BetterChat V3\Config\Loader\oldsrc\client\modules\core\topbarPlus\TopbarPlus\Dependencies/Features
Executing CreateFolder { folder: "ServerScriptService\\BetterChat V3\\Config\\Loader\\oldsrc\\client\\modules\\core\\topbarPlus\\TopbarPlus\\Dependencies\\Features" }
Executing CreateFile { filename: "ServerScriptService\\BetterChat V3\\Config\\Loader\\oldsrc\\client\\modules\\core\\topbarPlus\\TopbarPlus\\Dependencies\\Features\\init.meta.json" }
Instruction: Adding ModuleScript ServerScriptService\BetterChat V3\Config\Loader\oldsrc\client\modules\core\topbarPlus\TopbarPlus\Dependencies\Features/Gamepad
Executing CreateFile { filename: "ServerScriptService\\BetterChat V3\\Config\\Loader\\oldsrc\\client\\modules\\core\\topbarPlus\\TopbarPlus\\Dependencies\\Features\\Gamepad.luau" }
Instruction: Adding ModuleScript ServerScriptService\BetterChat V3\Config\Loader\oldsrc\client\modules\core\topbarPlus\TopbarPlus\Dependencies\Features/Overflow
Executing CreateFile { filename: "ServerScriptService\\BetterChat V3\\Config\\Loader\\oldsrc\\client\\modules\\core\\topbarPlus\\TopbarPlus\\Dependencies\\Features\\Overflow.luau" }
Instruction: Adding ModuleScript ServerScriptService\BetterChat V3\Config\Loader\oldsrc\client\modules\core\topbarPlus\TopbarPlus\Dependencies\Features/Themes
Executing CreateFile { filename: "ServerScriptService\\BetterChat V3\\Config\\Loader\\oldsrc\\client\\modules\\core\\topbarPlus\\TopbarPlus\\Dependencies\\Features\\Themes.luau" }
Instruction: Adding Folder ServerScriptService\BetterChat V3\Config\Loader\oldsrc\client\modules\core\topbarPlus\TopbarPlus\Dependencies\Features/ThemeModules
Executing CreateFolder { folder: "ServerScriptService\\BetterChat V3\\Config\\Loader\\oldsrc\\client\\modules\\core\\topbarPlus\\TopbarPlus\\Dependencies\\Features\\ThemeModules" }
Executing CreateFile { filename: "ServerScriptService\\BetterChat V3\\Config\\Loader\\oldsrc\\client\\modules\\core\\topbarPlus\\TopbarPlus\\Dependencies\\Features\\ThemeModules\\init.meta.json" }
Instruction: Adding ModuleScript ServerScriptService\BetterChat V3\Config\Loader\oldsrc\client\modules\core\topbarPlus\TopbarPlus\Dependencies\Features\ThemeModules/Classic
Executing CreateFile { filename: "ServerScriptService\\BetterChat V3\\Config\\Loader\\oldsrc\\client\\modules\\core\\topbarPlus\\TopbarPlus\\Dependencies\\Features\\ThemeModules\\Classic.luau" }
Instruction: Adding ModuleScript ServerScriptService\BetterChat V3\Config\Loader\oldsrc\client\modules\core\topbarPlus\TopbarPlus\Dependencies\Features\ThemeModules/Default
Executing CreateFile { filename: "ServerScriptService\\BetterChat V3\\Config\\Loader\\oldsrc\\client\\modules\\core\\topbarPlus\\TopbarPlus\\Dependencies\\Features\\ThemeModules\\Default.luau" }
Instruction: Adding Folder ServerScriptService\BetterChat V3\Config\Loader\oldsrc\client\modules\core\topbarPlus\TopbarPlus\Dependencies/Packages
Executing CreateFolder { folder: "ServerScriptService\\BetterChat V3\\Config\\Loader\\oldsrc\\client\\modules\\core\\topbarPlus\\TopbarPlus\\Dependencies\\Packages" }
Executing CreateFile { filename: "ServerScriptService\\BetterChat V3\\Config\\Loader\\oldsrc\\client\\modules\\core\\topbarPlus\\TopbarPlus\\Dependencies\\Packages\\init.meta.json" }
Instruction: Adding ModuleScript ServerScriptService\BetterChat V3\Config\Loader\oldsrc\client\modules\core\topbarPlus\TopbarPlus\Dependencies\Packages/GoodSignal
Executing CreateFile { filename: "ServerScriptService\\BetterChat V3\\Config\\Loader\\oldsrc\\client\\modules\\core\\topbarPlus\\TopbarPlus\\Dependencies\\Packages\\GoodSignal.luau" }
Instruction: Adding ModuleScript ServerScriptService\BetterChat V3\Config\Loader\oldsrc\client\modules\core\topbarPlus\TopbarPlus\Dependencies\Packages/Janitor
Executing CreateFile { filename: "ServerScriptService\\BetterChat V3\\Config\\Loader\\oldsrc\\client\\modules\\core\\topbarPlus\\TopbarPlus\\Dependencies\\Packages\\Janitor.luau" }
Instruction: Adding ModuleScript ServerScriptService\BetterChat V3\Config\Loader\oldsrc\client\modules\core\topbarPlus\TopbarPlus\Dependencies/Attribute
Executing CreateFile { filename: "ServerScriptService\\BetterChat V3\\Config\\Loader\\oldsrc\\client\\modules\\core\\topbarPlus\\TopbarPlus\\Dependencies\\Attribute.luau" }
Instruction: Adding ModuleScript ServerScriptService\BetterChat V3\Config\Loader\oldsrc\client\modules\core\topbarPlus\TopbarPlus\Dependencies/Reference
Executing CreateFile { filename: "ServerScriptService\\BetterChat V3\\Config\\Loader\\oldsrc\\client\\modules\\core\\topbarPlus\\TopbarPlus\\Dependencies\\Reference.luau" }
Instruction: Adding ModuleScript ServerScriptService\BetterChat V3\Config\Loader\oldsrc\client\modules\core\topbarPlus\TopbarPlus\Dependencies/Utility
Executing CreateFile { filename: "ServerScriptService\\BetterChat V3\\Config\\Loader\\oldsrc\\client\\modules\\core\\topbarPlus\\TopbarPlus\\Dependencies\\Utility.luau" }
Instruction: Adding ModuleScript ServerScriptService\BetterChat V3\Config\Loader\oldsrc\client\modules\core\topbarPlus\TopbarPlus\Dependencies/VERSION
Executing CreateFile { filename: "ServerScriptService\\BetterChat V3\\Config\\Loader\\oldsrc\\client\\modules\\core\\topbarPlus\\TopbarPlus\\Dependencies\\VERSION.luau" }
Instruction: Adding Folder ServerScriptService\BetterChat V3\Config\Loader\oldsrc\client\modules\core/elements
Executing CreateFolder { folder: "ServerScriptService\\BetterChat V3\\Config\\Loader\\oldsrc\\client\\modules\\core\\elements" }
Executing CreateFile { filename: "ServerScriptService\\BetterChat V3\\Config\\Loader\\oldsrc\\client\\modules\\core\\elements\\init.meta.json" }
Instruction: Adding ModuleScript ServerScriptService\BetterChat V3\Config\Loader\oldsrc\client\modules\core\elements/channelBar
Executing CreateFile { filename: "ServerScriptService\\BetterChat V3\\Config\\Loader\\oldsrc\\client\\modules\\core\\elements\\channelBar.luau" }
Instruction: Adding ModuleScript ServerScriptService\BetterChat V3\Config\Loader\oldsrc\client\modules\core\elements/chatWindow
Executing CreateFile { filename: "ServerScriptService\\BetterChat V3\\Config\\Loader\\oldsrc\\client\\modules\\core\\elements\\chatWindow.luau" }
Instruction: Adding ModuleScript ServerScriptService\BetterChat V3\Config\Loader\oldsrc\client\modules\core\elements/chatbar
Executing CreateFile { filename: "ServerScriptService\\BetterChat V3\\Config\\Loader\\oldsrc\\client\\modules\\core\\elements\\chatbar.luau" }
Instruction: Adding ModuleScript ServerScriptService\BetterChat V3\Config\Loader\oldsrc\client\modules\core\elements/chatGui
Executing CreateFile { filename: "ServerScriptService\\BetterChat V3\\Config\\Loader\\oldsrc\\client\\modules\\core\\elements\\chatGui.luau" }
Instruction: Adding Folder ServerScriptService\BetterChat V3\Config\Loader\oldsrc\client\modules\core/autofill
Executing CreateFolder { folder: "ServerScriptService\\BetterChat V3\\Config\\Loader\\oldsrc\\client\\modules\\core\\autofill" }
Executing CreateFile { filename: "ServerScriptService\\BetterChat V3\\Config\\Loader\\oldsrc\\client\\modules\\core\\autofill\\init.meta.json" }
Instruction: Adding Folder ServerScriptService\BetterChat V3\Config\Loader\oldsrc\client\modules\core\autofill/autofills
Executing CreateFolder { folder: "ServerScriptService\\BetterChat V3\\Config\\Loader\\oldsrc\\client\\modules\\core\\autofill\\autofills" }
Executing CreateFile { filename: "ServerScriptService\\BetterChat V3\\Config\\Loader\\oldsrc\\client\\modules\\core\\autofill\\autofills\\init.meta.json" }
Instruction: Adding ModuleScript ServerScriptService\BetterChat V3\Config\Loader\oldsrc\client\modules\core\autofill\autofills/mention
Executing CreateFile { filename: "ServerScriptService\\BetterChat V3\\Config\\Loader\\oldsrc\\client\\modules\\core\\autofill\\autofills\\mention.luau" }
Instruction: Adding ModuleScript ServerScriptService\BetterChat V3\Config\Loader\oldsrc\client\modules\core\autofill\autofills/userAutofill
Executing CreateFile { filename: "ServerScriptService\\BetterChat V3\\Config\\Loader\\oldsrc\\client\\modules\\core\\autofill\\autofills\\userAutofill.luau" }
Instruction: Adding ModuleScript ServerScriptService\BetterChat V3\Config\Loader\oldsrc\client\modules\core\autofill\autofills/team
Executing CreateFile { filename: "ServerScriptService\\BetterChat V3\\Config\\Loader\\oldsrc\\client\\modules\\core\\autofill\\autofills\\team.luau" }
Instruction: Adding ModuleScript ServerScriptService\BetterChat V3\Config\Loader\oldsrc\client\modules\core\autofill\autofills/emoji
Executing CreateFile { filename: "ServerScriptService\\BetterChat V3\\Config\\Loader\\oldsrc\\client\\modules\\core\\autofill\\autofills\\emoji.luau" }
Instruction: Adding ModuleScript ServerScriptService\BetterChat V3\Config\Loader\oldsrc\client\modules\core\autofill\autofills/quickChatAutofill
Executing CreateFile { filename: "ServerScriptService\\BetterChat V3\\Config\\Loader\\oldsrc\\client\\modules\\core\\autofill\\autofills\\quickChatAutofill.luau" }
Instruction: Adding ModuleScript ServerScriptService\BetterChat V3\Config\Loader\oldsrc\client\modules\core\autofill/autofill
Executing CreateFile { filename: "ServerScriptService\\BetterChat V3\\Config\\Loader\\oldsrc\\client\\modules\\core\\autofill\\autofill.luau" }
Instruction: Adding ModuleScript ServerScriptService\BetterChat V3\Config\Loader\oldsrc\client\modules\core\autofill/manager
Executing CreateFile { filename: "ServerScriptService\\BetterChat V3\\Config\\Loader\\oldsrc\\client\\modules\\core\\autofill\\manager.luau" }
Instruction: Adding Folder ServerScriptService\BetterChat V3\Config\Loader\oldsrc\client\modules\core/lists
Executing CreateFolder { folder: "ServerScriptService\\BetterChat V3\\Config\\Loader\\oldsrc\\client\\modules\\core\\lists" }
Executing CreateFile { filename: "ServerScriptService\\BetterChat V3\\Config\\Loader\\oldsrc\\client\\modules\\core\\lists\\init.meta.json" }
Instruction: Adding ModuleScript ServerScriptService\BetterChat V3\Config\Loader\oldsrc\client\modules\core\lists/emojiList
Executing CreateFile { filename: "ServerScriptService\\BetterChat V3\\Config\\Loader\\oldsrc\\client\\modules\\core\\lists\\emojiList.luau" }
Instruction: Adding ModuleScript ServerScriptService\BetterChat V3\Config\Loader\oldsrc\client\modules\core\lists/localizationTable
Executing CreateFile { filename: "ServerScriptService\\BetterChat V3\\Config\\Loader\\oldsrc\\client\\modules\\core\\lists\\localizationTable.luau" }
Instruction: Adding ModuleScript ServerScriptService\BetterChat V3\Config\Loader\oldsrc\client\modules\core/history
Executing CreateFile { filename: "ServerScriptService\\BetterChat V3\\Config\\Loader\\oldsrc\\client\\modules\\core\\history.luau" }
Instruction: Adding ModuleScript ServerScriptService\BetterChat V3\Config\Loader\oldsrc\client\modules/privacy
Executing CreateFile { filename: "ServerScriptService\\BetterChat V3\\Config\\Loader\\oldsrc\\client\\modules\\privacy.luau" }
Instruction: Adding Folder ServerScriptService\BetterChat V3\Config\Loader\oldsrc\client\modules/bubbleChat
Executing CreateFolder { folder: "ServerScriptService\\BetterChat V3\\Config\\Loader\\oldsrc\\client\\modules\\bubbleChat" }
Executing CreateFile { filename: "ServerScriptService\\BetterChat V3\\Config\\Loader\\oldsrc\\client\\modules\\bubbleChat\\init.meta.json" }
Instruction: Adding ModuleScript ServerScriptService\BetterChat V3\Config\Loader\oldsrc\client\modules\bubbleChat/main
Executing CreateFile { filename: "ServerScriptService\\BetterChat V3\\Config\\Loader\\oldsrc\\client\\modules\\bubbleChat\\main.luau" }
Instruction: Adding ModuleScript ServerScriptService\BetterChat V3\Config\Loader\oldsrc\client\modules\bubbleChat/ui
Executing CreateFile { filename: "ServerScriptService\\BetterChat V3\\Config\\Loader\\oldsrc\\client\\modules\\bubbleChat\\ui.luau" }
Instruction: Adding ModuleScript ServerScriptService\BetterChat V3\Config\Loader\oldsrc\client\modules\bubbleChat/stack
Executing CreateFile { filename: "ServerScriptService\\BetterChat V3\\Config\\Loader\\oldsrc\\client\\modules\\bubbleChat\\stack.luau" }
Instruction: Adding ModuleScript ServerScriptService\BetterChat V3\Config\Loader\oldsrc\client\modules\bubbleChat/billboard
Executing CreateFile { filename: "ServerScriptService\\BetterChat V3\\Config\\Loader\\oldsrc\\client\\modules\\bubbleChat\\billboard.luau" }
Instruction: Adding ModuleScript ServerScriptService\BetterChat V3\Config\Loader/src
Executing CreateFolder { folder: "ServerScriptService\\BetterChat V3\\Config\\Loader\\src" }
Executing CreateFile { filename: "ServerScriptService\\BetterChat V3\\Config\\Loader\\src\\init.luau" }
Instruction: Adding Folder ServerScriptService\BetterChat V3\Config\Loader\src/core
Executing CreateFolder { folder: "ServerScriptService\\BetterChat V3\\Config\\Loader\\src\\core" }
Executing CreateFile { filename: "ServerScriptService\\BetterChat V3\\Config\\Loader\\src\\core\\init.meta.json" }
Instruction: Adding Folder ServerScriptService\BetterChat V3\Config\Loader\src\core/constructors
Executing CreateFolder { folder: "ServerScriptService\\BetterChat V3\\Config\\Loader\\src\\core\\constructors" }
Executing CreateFile { filename: "ServerScriptService\\BetterChat V3\\Config\\Loader\\src\\core\\constructors\\init.meta.json" }
Instruction: Adding ModuleScript ServerScriptService\BetterChat V3\Config\Loader\src\core\constructors/speaker
Executing CreateFile { filename: "ServerScriptService\\BetterChat V3\\Config\\Loader\\src\\core\\constructors\\speaker.luau" }
Instruction: Adding ModuleScript ServerScriptService\BetterChat V3\Config\Loader\src\core\constructors/channel
Executing CreateFile { filename: "ServerScriptService\\BetterChat V3\\Config\\Loader\\src\\core\\constructors\\channel.luau" }
Instruction: Adding ModuleScript ServerScriptService\BetterChat V3\Config\Loader\src\core\constructors/message
Executing CreateFile { filename: "ServerScriptService\\BetterChat V3\\Config\\Loader\\src\\core\\constructors\\message.luau" }
Instruction: Adding ModuleScript ServerScriptService\BetterChat V3\Config\Loader\src\core/rateLimit
Executing CreateFile { filename: "ServerScriptService\\BetterChat V3\\Config\\Loader\\src\\core\\rateLimit.luau" }
Instruction: Adding ModuleScript ServerScriptService\BetterChat V3\Config\Loader\src\core/permission
Executing CreateFile { filename: "ServerScriptService\\BetterChat V3\\Config\\Loader\\src\\core\\permission.luau" }
Instruction: Adding Folder ServerScriptService\BetterChat V3\Config\Loader\src\core/services
Executing CreateFolder { folder: "ServerScriptService\\BetterChat V3\\Config\\Loader\\src\\core\\services" }
Executing CreateFile { filename: "ServerScriptService\\BetterChat V3\\Config\\Loader\\src\\core\\services\\init.meta.json" }
Instruction: Adding ModuleScript ServerScriptService\BetterChat V3\Config\Loader\src\core\services/profile
Executing CreateFile { filename: "ServerScriptService\\BetterChat V3\\Config\\Loader\\src\\core\\services\\profile.luau" }
Instruction: Adding ModuleScript ServerScriptService\BetterChat V3\Config\Loader\src\core\services/marketplace
Executing CreateFile { filename: "ServerScriptService\\BetterChat V3\\Config\\Loader\\src\\core\\services\\marketplace.luau" }
Instruction: Adding ModuleScript ServerScriptService\BetterChat V3\Config\Loader\src\core/api
Executing CreateFile { filename: "ServerScriptService\\BetterChat V3\\Config\\Loader\\src\\core\\api.luau" }
Instruction: Adding ModuleScript ServerScriptService\BetterChat V3\Config\Loader\src\core/filter
Executing CreateFile { filename: "ServerScriptService\\BetterChat V3\\Config\\Loader\\src\\core\\filter.luau" }
Instruction: Adding Folder ServerScriptService\BetterChat V3\Config\Loader\src\core/utility
Executing CreateFolder { folder: "ServerScriptService\\BetterChat V3\\Config\\Loader\\src\\core\\utility" }
Executing CreateFile { filename: "ServerScriptService\\BetterChat V3\\Config\\Loader\\src\\core\\utility\\init.meta.json" }
Instruction: Adding ModuleScript ServerScriptService\BetterChat V3\Config\Loader\src\core\utility/main
Executing CreateFile { filename: "ServerScriptService\\BetterChat V3\\Config\\Loader\\src\\core\\utility\\main.luau" }
Instruction: Adding Folder ServerScriptService\BetterChat V3\Config\Loader\src\core\utility/dependencies
Executing CreateFolder { folder: "ServerScriptService\\BetterChat V3\\Config\\Loader\\src\\core\\utility\\dependencies" }
Executing CreateFile { filename: "ServerScriptService\\BetterChat V3\\Config\\Loader\\src\\core\\utility\\dependencies\\init.meta.json" }
Instruction: Adding LocalScript ServerScriptService\BetterChat V3\Config\Loader\src\core\utility\dependencies/chatInstaller
Executing CreateFile { filename: "ServerScriptService\\BetterChat V3\\Config\\Loader\\src\\core\\utility\\dependencies\\chatInstaller.client.luau" }
Instruction: Adding ModuleScript ServerScriptService\BetterChat V3\Config\Loader\src\core\utility\dependencies/extract
Executing CreateFile { filename: "ServerScriptService\\BetterChat V3\\Config\\Loader\\src\\core\\utility\\dependencies\\extract.luau" }
Instruction: Adding Folder ServerScriptService\BetterChat V3\Config\Loader\src/shared
Executing CreateFolder { folder: "ServerScriptService\\BetterChat V3\\Config\\Loader\\src\\shared" }
Executing CreateFile { filename: "ServerScriptService\\BetterChat V3\\Config\\Loader\\src\\shared\\init.meta.json" }
Instruction: Adding ModuleScript ServerScriptService\BetterChat V3\Config\Loader\src\shared/network
Executing CreateFile { filename: "ServerScriptService\\BetterChat V3\\Config\\Loader\\src\\shared\\network.luau" }
Instruction: Adding Folder ServerScriptService\BetterChat V3\Config\Loader\src\shared/events
Executing CreateFolder { folder: "ServerScriptService\\BetterChat V3\\Config\\Loader\\src\\shared\\events" }
Executing CreateFile { filename: "ServerScriptService\\BetterChat V3\\Config\\Loader\\src\\shared\\events\\init.meta.json" }
Instruction: Adding ModuleScript ServerScriptService\BetterChat V3\Config\Loader\src\shared\events/_placeholder
Executing CreateFile { filename: "ServerScriptService\\BetterChat V3\\Config\\Loader\\src\\shared\\events\\_placeholder.luau" }
Instruction: Adding Folder ServerScriptService\BetterChat V3\Config\Loader\src\shared/addons
Executing CreateFolder { folder: "ServerScriptService\\BetterChat V3\\Config\\Loader\\src\\shared\\addons" }
Executing CreateFile { filename: "ServerScriptService\\BetterChat V3\\Config\\Loader\\src\\shared\\addons\\init.meta.json" }
Instruction: Adding ModuleScript ServerScriptService\BetterChat V3\Config\Loader\src\shared\addons/_placeholder
Executing CreateFile { filename: "ServerScriptService\\BetterChat V3\\Config\\Loader\\src\\shared\\addons\\_placeholder.luau" }
Instruction: Adding Folder ServerScriptService\BetterChat V3\Config\Loader\src\shared/loading
Executing CreateFolder { folder: "ServerScriptService\\BetterChat V3\\Config\\Loader\\src\\shared\\loading" }
Executing CreateFile { filename: "ServerScriptService\\BetterChat V3\\Config\\Loader\\src\\shared\\loading\\init.meta.json" }
Instruction: Adding ModuleScript ServerScriptService\BetterChat V3\Config\Loader\src\shared\loading/_placeholder
Executing CreateFile { filename: "ServerScriptService\\BetterChat V3\\Config\\Loader\\src\\shared\\loading\\_placeholder.luau" }
Instruction: Adding ModuleScript ServerScriptService\BetterChat V3\Config\Loader\src\shared/signal
Executing CreateFile { filename: "ServerScriptService\\BetterChat V3\\Config\\Loader\\src\\shared\\signal.luau" }
Instruction: Adding ModuleScript ServerScriptService\BetterChat V3\Config\Loader\src\shared/wrap
Executing CreateFile { filename: "ServerScriptService\\BetterChat V3\\Config\\Loader\\src\\shared\\wrap.luau" }
Instruction: Adding Folder ServerScriptService\BetterChat V3\Config\Loader\src\shared/formatting
Executing CreateFolder { folder: "ServerScriptService\\BetterChat V3\\Config\\Loader\\src\\shared\\formatting" }
Executing CreateFile { filename: "ServerScriptService\\BetterChat V3\\Config\\Loader\\src\\shared\\formatting\\init.meta.json" }
Instruction: Adding ModuleScript ServerScriptService\BetterChat V3\Config\Loader\src\shared\formatting/richText
Executing CreateFile { filename: "ServerScriptService\\BetterChat V3\\Config\\Loader\\src\\shared\\formatting\\richText.luau" }
Instruction: Adding ModuleScript ServerScriptService\BetterChat V3\Config\Loader\src\shared\formatting/markdown
Executing CreateFile { filename: "ServerScriptService\\BetterChat V3\\Config\\Loader\\src\\shared\\formatting\\markdown.luau" }
Instruction: Adding ModuleScript ServerScriptService\BetterChat V3\Config\Loader\src\shared\formatting/color
Executing CreateFile { filename: "ServerScriptService\\BetterChat V3\\Config\\Loader\\src\\shared\\formatting\\color.luau" }
Instruction: Adding ModuleScript ServerScriptService\BetterChat V3\Config\Loader\src\shared/xml
Executing CreateFile { filename: "ServerScriptService\\BetterChat V3\\Config\\Loader\\src\\shared\\xml.luau" }
Instruction: Adding Folder ServerScriptService\BetterChat V3\Config\Loader\src/client
Executing CreateFolder { folder: "ServerScriptService\\BetterChat V3\\Config\\Loader\\src\\client" }
Executing CreateFile { filename: "ServerScriptService\\BetterChat V3\\Config\\Loader\\src\\client\\init.meta.json" }
Instruction: Adding LocalScript ServerScriptService\BetterChat V3\Config\Loader\src\client/load
Executing CreateFile { filename: "ServerScriptService\\BetterChat V3\\Config\\Loader\\src\\client\\load.client.luau" }
Instruction: Adding Folder ServerScriptService\BetterChat V3\Config\Loader\src\client/modules
Executing CreateFolder { folder: "ServerScriptService\\BetterChat V3\\Config\\Loader\\src\\client\\modules" }
Executing CreateFile { filename: "ServerScriptService\\BetterChat V3\\Config\\Loader\\src\\client\\modules\\init.meta.json" }
Instruction: Adding Folder ServerScriptService\BetterChat V3\Config\Loader\src\client\modules/core
Executing CreateFolder { folder: "ServerScriptService\\BetterChat V3\\Config\\Loader\\src\\client\\modules\\core" }
Executing CreateFile { filename: "ServerScriptService\\BetterChat V3\\Config\\Loader\\src\\client\\modules\\core\\init.meta.json" }
Instruction: Adding ModuleScript ServerScriptService\BetterChat V3\Config\Loader\src\client\modules\core/connections
Executing CreateFile { filename: "ServerScriptService\\BetterChat V3\\Config\\Loader\\src\\client\\modules\\core\\connections.luau" }
Instruction: Adding ModuleScript ServerScriptService\BetterChat V3\Config\Loader\src\client\modules\core/utility
Executing CreateFile { filename: "ServerScriptService\\BetterChat V3\\Config\\Loader\\src\\client\\modules\\core\\utility.luau" }
Instruction: Adding ModuleScript ServerScriptService\BetterChat V3\Config\Loader\src\client\modules\core/localization
Executing CreateFile { filename: "ServerScriptService\\BetterChat V3\\Config\\Loader\\src\\client\\modules\\core\\localization.luau" }
Instruction: Adding Folder ServerScriptService\BetterChat V3\Config\Loader\src\client\modules\core/messages
Executing CreateFolder { folder: "ServerScriptService\\BetterChat V3\\Config\\Loader\\src\\client\\modules\\core\\messages" }
Executing CreateFile { filename: "ServerScriptService\\BetterChat V3\\Config\\Loader\\src\\client\\modules\\core\\messages\\init.meta.json" }
Instruction: Adding ModuleScript ServerScriptService\BetterChat V3\Config\Loader\src\client\modules\core\messages/system
Executing CreateFile { filename: "ServerScriptService\\BetterChat V3\\Config\\Loader\\src\\client\\modules\\core\\messages\\system.luau" }
Instruction: Adding Folder ServerScriptService\BetterChat V3\Config\Loader\src\client\modules\core\messages/templates
Executing CreateFolder { folder: "ServerScriptService\\BetterChat V3\\Config\\Loader\\src\\client\\modules\\core\\messages\\templates" }
Executing CreateFile { filename: "ServerScriptService\\BetterChat V3\\Config\\Loader\\src\\client\\modules\\core\\messages\\templates\\init.meta.json" }
Instruction: Adding ModuleScript ServerScriptService\BetterChat V3\Config\Loader\src\client\modules\core\messages\templates/regular
Executing CreateFile { filename: "ServerScriptService\\BetterChat V3\\Config\\Loader\\src\\client\\modules\\core\\messages\\templates\\regular.luau" }
Instruction: Adding ModuleScript ServerScriptService\BetterChat V3\Config\Loader\src\client\modules\core\messages\templates/reply
Executing CreateFile { filename: "ServerScriptService\\BetterChat V3\\Config\\Loader\\src\\client\\modules\\core\\messages\\templates\\reply.luau" }
Instruction: Adding ModuleScript ServerScriptService\BetterChat V3\Config\Loader\src\client\modules\core\messages/default
Executing CreateFile { filename: "ServerScriptService\\BetterChat V3\\Config\\Loader\\src\\client\\modules\\core\\messages\\default.luau" }
Instruction: Adding ModuleScript ServerScriptService\BetterChat V3\Config\Loader\src\client\modules\core\messages/reply
Executing CreateFile { filename: "ServerScriptService\\BetterChat V3\\Config\\Loader\\src\\client\\modules\\core\\messages\\reply.luau" }
Instruction: Adding Folder ServerScriptService\BetterChat V3\Config\Loader\src\client\modules\core\messages/util
Executing CreateFolder { folder: "ServerScriptService\\BetterChat V3\\Config\\Loader\\src\\client\\modules\\core\\messages\\util" }
Executing CreateFile { filename: "ServerScriptService\\BetterChat V3\\Config\\Loader\\src\\client\\modules\\core\\messages\\util\\init.meta.json" }
Instruction: Adding ModuleScript ServerScriptService\BetterChat V3\Config\Loader\src\client\modules\core\messages\util/functions
Executing CreateFile { filename: "ServerScriptService\\BetterChat V3\\Config\\Loader\\src\\client\\modules\\core\\messages\\util\\functions.luau" }
Instruction: Adding ModuleScript ServerScriptService\BetterChat V3\Config\Loader\src\client\modules\core\messages\util/prompt
Executing CreateFile { filename: "ServerScriptService\\BetterChat V3\\Config\\Loader\\src\\client\\modules\\core\\messages\\util\\prompt.luau" }
Instruction: Adding ModuleScript ServerScriptService\BetterChat V3\Config\Loader\src\client\modules\core\messages\util/lineDetector
Executing CreateFile { filename: "ServerScriptService\\BetterChat V3\\Config\\Loader\\src\\client\\modules\\core\\messages\\util\\lineDetector.luau" }
Instruction: Adding ModuleScript ServerScriptService\BetterChat V3\Config\Loader\src\client\modules\core\messages\util/spritesheet
Executing CreateFile { filename: "ServerScriptService\\BetterChat V3\\Config\\Loader\\src\\client\\modules\\core\\messages\\util\\spritesheet.luau" }
Instruction: Adding Folder ServerScriptService\BetterChat V3\Config\Loader\src\client\modules\core/commands
Executing CreateFolder { folder: "ServerScriptService\\BetterChat V3\\Config\\Loader\\src\\client\\modules\\core\\commands" }
Executing CreateFile { filename: "ServerScriptService\\BetterChat V3\\Config\\Loader\\src\\client\\modules\\core\\commands\\init.meta.json" }
Instruction: Adding Folder ServerScriptService\BetterChat V3\Config\Loader\src\client\modules\core\commands/list
Executing CreateFolder { folder: "ServerScriptService\\BetterChat V3\\Config\\Loader\\src\\client\\modules\\core\\commands\\list" }
Executing CreateFile { filename: "ServerScriptService\\BetterChat V3\\Config\\Loader\\src\\client\\modules\\core\\commands\\list\\init.meta.json" }
Instruction: Adding ModuleScript ServerScriptService\BetterChat V3\Config\Loader\src\client\modules\core\commands\list/console
Executing CreateFile { filename: "ServerScriptService\\BetterChat V3\\Config\\Loader\\src\\client\\modules\\core\\commands\\list\\console.luau" }
Instruction: Adding ModuleScript ServerScriptService\BetterChat V3\Config\Loader\src\client\modules\core\commands\list/dance
Executing CreateFile { filename: "ServerScriptService\\BetterChat V3\\Config\\Loader\\src\\client\\modules\\core\\commands\\list\\dance.luau" }
Instruction: Adding ModuleScript ServerScriptService\BetterChat V3\Config\Loader\src\client\modules\core\commands\list/customEmojis
Executing CreateFile { filename: "ServerScriptService\\BetterChat V3\\Config\\Loader\\src\\client\\modules\\core\\commands\\list\\customEmojis.luau" }
Instruction: Adding ModuleScript ServerScriptService\BetterChat V3\Config\Loader\src\client\modules\core\commands\list/mute
Executing CreateFile { filename: "ServerScriptService\\BetterChat V3\\Config\\Loader\\src\\client\\modules\\core\\commands\\list\\mute.luau" }
Instruction: Adding ModuleScript ServerScriptService\BetterChat V3\Config\Loader\src\client\modules\core\commands\list/unmute
Executing CreateFile { filename: "ServerScriptService\\BetterChat V3\\Config\\Loader\\src\\client\\modules\\core\\commands\\list\\unmute.luau" }
Instruction: Adding ModuleScript ServerScriptService\BetterChat V3\Config\Loader\src\client\modules\core\commands\list/settings
Executing CreateFile { filename: "ServerScriptService\\BetterChat V3\\Config\\Loader\\src\\client\\modules\\core\\commands\\list\\settings.luau" }
Instruction: Adding ModuleScript ServerScriptService\BetterChat V3\Config\Loader\src\client\modules\core\commands\list/help
Executing CreateFile { filename: "ServerScriptService\\BetterChat V3\\Config\\Loader\\src\\client\\modules\\core\\commands\\list\\help.luau" }
Instruction: Adding ModuleScript ServerScriptService\BetterChat V3\Config\Loader\src\client\modules\core\commands/processor
Executing CreateFile { filename: "ServerScriptService\\BetterChat V3\\Config\\Loader\\src\\client\\modules\\core\\commands\\processor.luau" }
Instruction: Adding Folder ServerScriptService\BetterChat V3\Config\Loader\src\client\modules\core/constructors
Executing CreateFolder { folder: "ServerScriptService\\BetterChat V3\\Config\\Loader\\src\\client\\modules\\core\\constructors" }
Executing CreateFile { filename: "ServerScriptService\\BetterChat V3\\Config\\Loader\\src\\client\\modules\\core\\constructors\\init.meta.json" }
Instruction: Adding ModuleScript ServerScriptService\BetterChat V3\Config\Loader\src\client\modules\core\constructors/slider
Executing CreateFile { filename: "ServerScriptService\\BetterChat V3\\Config\\Loader\\src\\client\\modules\\core\\constructors\\slider.luau" }
Instruction: Adding ModuleScript ServerScriptService\BetterChat V3\Config\Loader\src\client\modules\core\constructors/toggle
Executing CreateFile { filename: "ServerScriptService\\BetterChat V3\\Config\\Loader\\src\\client\\modules\\core\\constructors\\toggle.luau" }
Instruction: Adding ModuleScript ServerScriptService\BetterChat V3\Config\Loader\src\client\modules\core\constructors/dropdown
Executing CreateFile { filename: "ServerScriptService\\BetterChat V3\\Config\\Loader\\src\\client\\modules\\core\\constructors\\dropdown.luau" }
Instruction: Adding ModuleScript ServerScriptService\BetterChat V3\Config\Loader\src\client\modules\core\constructors/quickChatDropdown
Executing CreateFile { filename: "ServerScriptService\\BetterChat V3\\Config\\Loader\\src\\client\\modules\\core\\constructors\\quickChatDropdown.luau" }
Instruction: Adding ModuleScript ServerScriptService\BetterChat V3\Config\Loader\src\client\modules\core\constructors/buildViewport
Executing CreateFile { filename: "ServerScriptService\\BetterChat V3\\Config\\Loader\\src\\client\\modules\\core\\constructors\\buildViewport.luau" }
Instruction: Adding Folder ServerScriptService\BetterChat V3\Config\Loader\src\client\modules\core\constructors/util
Executing CreateFolder { folder: "ServerScriptService\\BetterChat V3\\Config\\Loader\\src\\client\\modules\\core\\constructors\\util" }
Executing CreateFile { filename: "ServerScriptService\\BetterChat V3\\Config\\Loader\\src\\client\\modules\\core\\constructors\\util\\init.meta.json" }
Instruction: Adding ModuleScript ServerScriptService\BetterChat V3\Config\Loader\src\client\modules\core\constructors\util/zlib
Executing CreateFile { filename: "ServerScriptService\\BetterChat V3\\Config\\Loader\\src\\client\\modules\\core\\constructors\\util\\zlib.luau" }
Instruction: Adding ModuleScript ServerScriptService\BetterChat V3\Config\Loader\src\client\modules\core\constructors\util/main
Executing CreateFile { filename: "ServerScriptService\\BetterChat V3\\Config\\Loader\\src\\client\\modules\\core\\constructors\\util\\main.luau" }
Instruction: Adding ModuleScript ServerScriptService\BetterChat V3\Config\Loader\src\client\modules\core\constructors\util/slider
Executing CreateFile { filename: "ServerScriptService\\BetterChat V3\\Config\\Loader\\src\\client\\modules\\core\\constructors\\util\\slider.luau" }
Instruction: Adding ModuleScript ServerScriptService\BetterChat V3\Config\Loader\src\client\modules\core\constructors/colorPicker
Executing CreateFile { filename: "ServerScriptService\\BetterChat V3\\Config\\Loader\\src\\client\\modules\\core\\constructors\\colorPicker.luau" }
Instruction: Adding ModuleScript ServerScriptService\BetterChat V3\Config\Loader\src\client\modules\core\constructors/helpDropdown
Executing CreateFile { filename: "ServerScriptService\\BetterChat V3\\Config\\Loader\\src\\client\\modules\\core\\constructors\\helpDropdown.luau" }
Instruction: Adding ModuleScript ServerScriptService\BetterChat V3\Config\Loader\src\client\modules\core/settingsMenu
Executing CreateFile { filename: "ServerScriptService\\BetterChat V3\\Config\\Loader\\src\\client\\modules\\core\\settingsMenu.luau" }
Instruction: Adding ModuleScript ServerScriptService\BetterChat V3\Config\Loader\src\client\modules\core/chat
Executing CreateFile { filename: "ServerScriptService\\BetterChat V3\\Config\\Loader\\src\\client\\modules\\core\\chat.luau" }
Instruction: Adding ModuleScript ServerScriptService\BetterChat V3\Config\Loader\src\client\modules\core/api
Executing CreateFile { filename: "ServerScriptService\\BetterChat V3\\Config\\Loader\\src\\client\\modules\\core\\api.luau" }
Instruction: Adding Folder ServerScriptService\BetterChat V3\Config\Loader\src\client\modules\core/topbarPlus
Executing CreateFolder { folder: "ServerScriptService\\BetterChat V3\\Config\\Loader\\src\\client\\modules\\core\\topbarPlus" }
Executing CreateFile { filename: "ServerScriptService\\BetterChat V3\\Config\\Loader\\src\\client\\modules\\core\\topbarPlus\\init.meta.json" }
Instruction: Adding ModuleScript ServerScriptService\BetterChat V3\Config\Loader\src\client\modules\core\topbarPlus/icons
Executing CreateFile { filename: "ServerScriptService\\BetterChat V3\\Config\\Loader\\src\\client\\modules\\core\\topbarPlus\\icons.luau" }
Instruction: Adding Folder ServerScriptService\BetterChat V3\Config\Loader\src\client\modules\core\topbarPlus/TopbarPlus
Executing CreateFolder { folder: "ServerScriptService\\BetterChat V3\\Config\\Loader\\src\\client\\modules\\core\\topbarPlus\\TopbarPlus" }
Executing CreateFile { filename: "ServerScriptService\\BetterChat V3\\Config\\Loader\\src\\client\\modules\\core\\topbarPlus\\TopbarPlus\\init.meta.json" }
Instruction: Adding ModuleScript ServerScriptService\BetterChat V3\Config\Loader\src\client\modules\core\topbarPlus\TopbarPlus/Icon
Executing CreateFile { filename: "ServerScriptService\\BetterChat V3\\Config\\Loader\\src\\client\\modules\\core\\topbarPlus\\TopbarPlus\\Icon.luau" }
Instruction: Adding Folder ServerScriptService\BetterChat V3\Config\Loader\src\client\modules\core\topbarPlus\TopbarPlus/Dependencies
Executing CreateFolder { folder: "ServerScriptService\\BetterChat V3\\Config\\Loader\\src\\client\\modules\\core\\topbarPlus\\TopbarPlus\\Dependencies" }
Executing CreateFile { filename: "ServerScriptService\\BetterChat V3\\Config\\Loader\\src\\client\\modules\\core\\topbarPlus\\TopbarPlus\\Dependencies\\init.meta.json" }
Instruction: Adding Folder ServerScriptService\BetterChat V3\Config\Loader\src\client\modules\core\topbarPlus\TopbarPlus\Dependencies/Elements
Executing CreateFolder { folder: "ServerScriptService\\BetterChat V3\\Config\\Loader\\src\\client\\modules\\core\\topbarPlus\\TopbarPlus\\Dependencies\\Elements" }
Executing CreateFile { filename: "ServerScriptService\\BetterChat V3\\Config\\Loader\\src\\client\\modules\\core\\topbarPlus\\TopbarPlus\\Dependencies\\Elements\\init.meta.json" }
Instruction: Adding ModuleScript ServerScriptService\BetterChat V3\Config\Loader\src\client\modules\core\topbarPlus\TopbarPlus\Dependencies\Elements/Caption
Executing CreateFile { filename: "ServerScriptService\\BetterChat V3\\Config\\Loader\\src\\client\\modules\\core\\topbarPlus\\TopbarPlus\\Dependencies\\Elements\\Caption.luau" }
Instruction: Adding ModuleScript ServerScriptService\BetterChat V3\Config\Loader\src\client\modules\core\topbarPlus\TopbarPlus\Dependencies\Elements/Container
Executing CreateFile { filename: "ServerScriptService\\BetterChat V3\\Config\\Loader\\src\\client\\modules\\core\\topbarPlus\\TopbarPlus\\Dependencies\\Elements\\Container.luau" }
Instruction: Adding ModuleScript ServerScriptService\BetterChat V3\Config\Loader\src\client\modules\core\topbarPlus\TopbarPlus\Dependencies\Elements/Dropdown
Executing CreateFile { filename: "ServerScriptService\\BetterChat V3\\Config\\Loader\\src\\client\\modules\\core\\topbarPlus\\TopbarPlus\\Dependencies\\Elements\\Dropdown.luau" }
Instruction: Adding ModuleScript ServerScriptService\BetterChat V3\Config\Loader\src\client\modules\core\topbarPlus\TopbarPlus\Dependencies\Elements/Indicator
Executing CreateFile { filename: "ServerScriptService\\BetterChat V3\\Config\\Loader\\src\\client\\modules\\core\\topbarPlus\\TopbarPlus\\Dependencies\\Elements\\Indicator.luau" }
Instruction: Adding ModuleScript ServerScriptService\BetterChat V3\Config\Loader\src\client\modules\core\topbarPlus\TopbarPlus\Dependencies\Elements/Menu
Executing CreateFile { filename: "ServerScriptService\\BetterChat V3\\Config\\Loader\\src\\client\\modules\\core\\topbarPlus\\TopbarPlus\\Dependencies\\Elements\\Menu.luau" }
Instruction: Adding ModuleScript ServerScriptService\BetterChat V3\Config\Loader\src\client\modules\core\topbarPlus\TopbarPlus\Dependencies\Elements/Selection
Executing CreateFile { filename: "ServerScriptService\\BetterChat V3\\Config\\Loader\\src\\client\\modules\\core\\topbarPlus\\TopbarPlus\\Dependencies\\Elements\\Selection.luau" }
Instruction: Adding ModuleScript ServerScriptService\BetterChat V3\Config\Loader\src\client\modules\core\topbarPlus\TopbarPlus\Dependencies\Elements/Widget
Executing CreateFile { filename: "ServerScriptService\\BetterChat V3\\Config\\Loader\\src\\client\\modules\\core\\topbarPlus\\TopbarPlus\\Dependencies\\Elements\\Widget.luau" }
Instruction: Adding ModuleScript ServerScriptService\BetterChat V3\Config\Loader\src\client\modules\core\topbarPlus\TopbarPlus\Dependencies\Elements/Notice
Executing CreateFile { filename: "ServerScriptService\\BetterChat V3\\Config\\Loader\\src\\client\\modules\\core\\topbarPlus\\TopbarPlus\\Dependencies\\Elements\\Notice.luau" }
Instruction: Adding Folder ServerScriptService\BetterChat V3\Config\Loader\src\client\modules\core\topbarPlus\TopbarPlus\Dependencies/Features
Executing CreateFolder { folder: "ServerScriptService\\BetterChat V3\\Config\\Loader\\src\\client\\modules\\core\\topbarPlus\\TopbarPlus\\Dependencies\\Features" }
Executing CreateFile { filename: "ServerScriptService\\BetterChat V3\\Config\\Loader\\src\\client\\modules\\core\\topbarPlus\\TopbarPlus\\Dependencies\\Features\\init.meta.json" }
Instruction: Adding ModuleScript ServerScriptService\BetterChat V3\Config\Loader\src\client\modules\core\topbarPlus\TopbarPlus\Dependencies\Features/Gamepad
Executing CreateFile { filename: "ServerScriptService\\BetterChat V3\\Config\\Loader\\src\\client\\modules\\core\\topbarPlus\\TopbarPlus\\Dependencies\\Features\\Gamepad.luau" }
Instruction: Adding ModuleScript ServerScriptService\BetterChat V3\Config\Loader\src\client\modules\core\topbarPlus\TopbarPlus\Dependencies\Features/Overflow
Executing CreateFile { filename: "ServerScriptService\\BetterChat V3\\Config\\Loader\\src\\client\\modules\\core\\topbarPlus\\TopbarPlus\\Dependencies\\Features\\Overflow.luau" }
Instruction: Adding ModuleScript ServerScriptService\BetterChat V3\Config\Loader\src\client\modules\core\topbarPlus\TopbarPlus\Dependencies\Features/Themes
Executing CreateFile { filename: "ServerScriptService\\BetterChat V3\\Config\\Loader\\src\\client\\modules\\core\\topbarPlus\\TopbarPlus\\Dependencies\\Features\\Themes.luau" }
Instruction: Adding Folder ServerScriptService\BetterChat V3\Config\Loader\src\client\modules\core\topbarPlus\TopbarPlus\Dependencies\Features/ThemeModules
Executing CreateFolder { folder: "ServerScriptService\\BetterChat V3\\Config\\Loader\\src\\client\\modules\\core\\topbarPlus\\TopbarPlus\\Dependencies\\Features\\ThemeModules" }
Executing CreateFile { filename: "ServerScriptService\\BetterChat V3\\Config\\Loader\\src\\client\\modules\\core\\topbarPlus\\TopbarPlus\\Dependencies\\Features\\ThemeModules\\init.meta.json" }
Instruction: Adding ModuleScript ServerScriptService\BetterChat V3\Config\Loader\src\client\modules\core\topbarPlus\TopbarPlus\Dependencies\Features\ThemeModules/Classic
Executing CreateFile { filename: "ServerScriptService\\BetterChat V3\\Config\\Loader\\src\\client\\modules\\core\\topbarPlus\\TopbarPlus\\Dependencies\\Features\\ThemeModules\\Classic.luau" }
Instruction: Adding ModuleScript ServerScriptService\BetterChat V3\Config\Loader\src\client\modules\core\topbarPlus\TopbarPlus\Dependencies\Features\ThemeModules/Default
Executing CreateFile { filename: "ServerScriptService\\BetterChat V3\\Config\\Loader\\src\\client\\modules\\core\\topbarPlus\\TopbarPlus\\Dependencies\\Features\\ThemeModules\\Default.luau" }
Instruction: Adding Folder ServerScriptService\BetterChat V3\Config\Loader\src\client\modules\core\topbarPlus\TopbarPlus\Dependencies/Packages
Executing CreateFolder { folder: "ServerScriptService\\BetterChat V3\\Config\\Loader\\src\\client\\modules\\core\\topbarPlus\\TopbarPlus\\Dependencies\\Packages" }
Executing CreateFile { filename: "ServerScriptService\\BetterChat V3\\Config\\Loader\\src\\client\\modules\\core\\topbarPlus\\TopbarPlus\\Dependencies\\Packages\\init.meta.json" }
Instruction: Adding ModuleScript ServerScriptService\BetterChat V3\Config\Loader\src\client\modules\core\topbarPlus\TopbarPlus\Dependencies\Packages/GoodSignal
Executing CreateFile { filename: "ServerScriptService\\BetterChat V3\\Config\\Loader\\src\\client\\modules\\core\\topbarPlus\\TopbarPlus\\Dependencies\\Packages\\GoodSignal.luau" }
Instruction: Adding ModuleScript ServerScriptService\BetterChat V3\Config\Loader\src\client\modules\core\topbarPlus\TopbarPlus\Dependencies\Packages/Janitor
Executing CreateFile { filename: "ServerScriptService\\BetterChat V3\\Config\\Loader\\src\\client\\modules\\core\\topbarPlus\\TopbarPlus\\Dependencies\\Packages\\Janitor.luau" }
Instruction: Adding ModuleScript ServerScriptService\BetterChat V3\Config\Loader\src\client\modules\core\topbarPlus\TopbarPlus\Dependencies/Attribute
Executing CreateFile { filename: "ServerScriptService\\BetterChat V3\\Config\\Loader\\src\\client\\modules\\core\\topbarPlus\\TopbarPlus\\Dependencies\\Attribute.luau" }
Instruction: Adding ModuleScript ServerScriptService\BetterChat V3\Config\Loader\src\client\modules\core\topbarPlus\TopbarPlus\Dependencies/Reference
Executing CreateFile { filename: "ServerScriptService\\BetterChat V3\\Config\\Loader\\src\\client\\modules\\core\\topbarPlus\\TopbarPlus\\Dependencies\\Reference.luau" }
Instruction: Adding ModuleScript ServerScriptService\BetterChat V3\Config\Loader\src\client\modules\core\topbarPlus\TopbarPlus\Dependencies/Utility
Executing CreateFile { filename: "ServerScriptService\\BetterChat V3\\Config\\Loader\\src\\client\\modules\\core\\topbarPlus\\TopbarPlus\\Dependencies\\Utility.luau" }
Instruction: Adding ModuleScript ServerScriptService\BetterChat V3\Config\Loader\src\client\modules\core\topbarPlus\TopbarPlus\Dependencies/VERSION
Executing CreateFile { filename: "ServerScriptService\\BetterChat V3\\Config\\Loader\\src\\client\\modules\\core\\topbarPlus\\TopbarPlus\\Dependencies\\VERSION.luau" }
Instruction: Adding Folder ServerScriptService\BetterChat V3\Config\Loader\src\client\modules\core/elements
Executing CreateFolder { folder: "ServerScriptService\\BetterChat V3\\Config\\Loader\\src\\client\\modules\\core\\elements" }
Executing CreateFile { filename: "ServerScriptService\\BetterChat V3\\Config\\Loader\\src\\client\\modules\\core\\elements\\init.meta.json" }
Instruction: Adding ModuleScript ServerScriptService\BetterChat V3\Config\Loader\src\client\modules\core\elements/channelBar
Executing CreateFile { filename: "ServerScriptService\\BetterChat V3\\Config\\Loader\\src\\client\\modules\\core\\elements\\channelBar.luau" }
Instruction: Adding ModuleScript ServerScriptService\BetterChat V3\Config\Loader\src\client\modules\core\elements/chatWindow
Executing CreateFile { filename: "ServerScriptService\\BetterChat V3\\Config\\Loader\\src\\client\\modules\\core\\elements\\chatWindow.luau" }
Instruction: Adding ModuleScript ServerScriptService\BetterChat V3\Config\Loader\src\client\modules\core\elements/chatbar
Executing CreateFile { filename: "ServerScriptService\\BetterChat V3\\Config\\Loader\\src\\client\\modules\\core\\elements\\chatbar.luau" }
Instruction: Adding ModuleScript ServerScriptService\BetterChat V3\Config\Loader\src\client\modules\core\elements/chatGui
Executing CreateFile { filename: "ServerScriptService\\BetterChat V3\\Config\\Loader\\src\\client\\modules\\core\\elements\\chatGui.luau" }
Instruction: Adding Folder ServerScriptService\BetterChat V3\Config\Loader\src\client\modules\core/autofill
Executing CreateFolder { folder: "ServerScriptService\\BetterChat V3\\Config\\Loader\\src\\client\\modules\\core\\autofill" }
Executing CreateFile { filename: "ServerScriptService\\BetterChat V3\\Config\\Loader\\src\\client\\modules\\core\\autofill\\init.meta.json" }
Instruction: Adding Folder ServerScriptService\BetterChat V3\Config\Loader\src\client\modules\core\autofill/autofills
Executing CreateFolder { folder: "ServerScriptService\\BetterChat V3\\Config\\Loader\\src\\client\\modules\\core\\autofill\\autofills" }
Executing CreateFile { filename: "ServerScriptService\\BetterChat V3\\Config\\Loader\\src\\client\\modules\\core\\autofill\\autofills\\init.meta.json" }
Instruction: Adding ModuleScript ServerScriptService\BetterChat V3\Config\Loader\src\client\modules\core\autofill\autofills/mention
Executing CreateFile { filename: "ServerScriptService\\BetterChat V3\\Config\\Loader\\src\\client\\modules\\core\\autofill\\autofills\\mention.luau" }
Instruction: Adding ModuleScript ServerScriptService\BetterChat V3\Config\Loader\src\client\modules\core\autofill\autofills/userAutofill
Executing CreateFile { filename: "ServerScriptService\\BetterChat V3\\Config\\Loader\\src\\client\\modules\\core\\autofill\\autofills\\userAutofill.luau" }
Instruction: Adding ModuleScript ServerScriptService\BetterChat V3\Config\Loader\src\client\modules\core\autofill\autofills/team
Executing CreateFile { filename: "ServerScriptService\\BetterChat V3\\Config\\Loader\\src\\client\\modules\\core\\autofill\\autofills\\team.luau" }
Instruction: Adding ModuleScript ServerScriptService\BetterChat V3\Config\Loader\src\client\modules\core\autofill\autofills/emoji
Executing CreateFile { filename: "ServerScriptService\\BetterChat V3\\Config\\Loader\\src\\client\\modules\\core\\autofill\\autofills\\emoji.luau" }
Instruction: Adding ModuleScript ServerScriptService\BetterChat V3\Config\Loader\src\client\modules\core\autofill\autofills/quickChatAutofill
Executing CreateFile { filename: "ServerScriptService\\BetterChat V3\\Config\\Loader\\src\\client\\modules\\core\\autofill\\autofills\\quickChatAutofill.luau" }
Instruction: Adding ModuleScript ServerScriptService\BetterChat V3\Config\Loader\src\client\modules\core\autofill/autofill
Executing CreateFile { filename: "ServerScriptService\\BetterChat V3\\Config\\Loader\\src\\client\\modules\\core\\autofill\\autofill.luau" }
Instruction: Adding ModuleScript ServerScriptService\BetterChat V3\Config\Loader\src\client\modules\core\autofill/manager
Executing CreateFile { filename: "ServerScriptService\\BetterChat V3\\Config\\Loader\\src\\client\\modules\\core\\autofill\\manager.luau" }
Instruction: Adding Folder ServerScriptService\BetterChat V3\Config\Loader\src\client\modules\core/lists
Executing CreateFolder { folder: "ServerScriptService\\BetterChat V3\\Config\\Loader\\src\\client\\modules\\core\\lists" }
Executing CreateFile { filename: "ServerScriptService\\BetterChat V3\\Config\\Loader\\src\\client\\modules\\core\\lists\\init.meta.json" }
Instruction: Adding ModuleScript ServerScriptService\BetterChat V3\Config\Loader\src\client\modules\core\lists/emojiList
Executing CreateFile { filename: "ServerScriptService\\BetterChat V3\\Config\\Loader\\src\\client\\modules\\core\\lists\\emojiList.luau" }
Instruction: Adding ModuleScript ServerScriptService\BetterChat V3\Config\Loader\src\client\modules\core\lists/localizationTable
Executing CreateFile { filename: "ServerScriptService\\BetterChat V3\\Config\\Loader\\src\\client\\modules\\core\\lists\\localizationTable.luau" }
Instruction: Adding ModuleScript ServerScriptService\BetterChat V3\Config\Loader\src\client\modules\core/history
Executing CreateFile { filename: "ServerScriptService\\BetterChat V3\\Config\\Loader\\src\\client\\modules\\core\\history.luau" }
Instruction: Adding ModuleScript ServerScriptService\BetterChat V3\Config\Loader\src\client\modules/privacy
Executing CreateFile { filename: "ServerScriptService\\BetterChat V3\\Config\\Loader\\src\\client\\modules\\privacy.luau" }
Instruction: Adding Folder ServerScriptService\BetterChat V3\Config\Loader\src\client\modules/bubbleChat
Executing CreateFolder { folder: "ServerScriptService\\BetterChat V3\\Config\\Loader\\src\\client\\modules\\bubbleChat" }
Executing CreateFile { filename: "ServerScriptService\\BetterChat V3\\Config\\Loader\\src\\client\\modules\\bubbleChat\\init.meta.json" }
Instruction: Adding ModuleScript ServerScriptService\BetterChat V3\Config\Loader\src\client\modules\bubbleChat/main
Executing CreateFile { filename: "ServerScriptService\\BetterChat V3\\Config\\Loader\\src\\client\\modules\\bubbleChat\\main.luau" }
Instruction: Adding ModuleScript ServerScriptService\BetterChat V3\Config\Loader\src\client\modules\bubbleChat/ui
Executing CreateFile { filename: "ServerScriptService\\BetterChat V3\\Config\\Loader\\src\\client\\modules\\bubbleChat\\ui.luau" }
Instruction: Adding ModuleScript ServerScriptService\BetterChat V3\Config\Loader\src\client\modules\bubbleChat/stack
Executing CreateFile { filename: "ServerScriptService\\BetterChat V3\\Config\\Loader\\src\\client\\modules\\bubbleChat\\stack.luau" }
Instruction: Adding ModuleScript ServerScriptService\BetterChat V3\Config\Loader\src\client\modules\bubbleChat/billboard
Executing CreateFile { filename: "ServerScriptService\\BetterChat V3\\Config\\Loader\\src\\client\\modules\\bubbleChat\\billboard.luau" }
Instruction: Adding metadata /ServerStorage
Executing AddToTree { name: "ServerStorage" }
Executing CreateFolder { folder: "ServerStorage" }
Instruction: Adding Folder ServerStorage/Modules
Executing CreateFolder { folder: "ServerStorage\\Modules" }
Executing CreateFile { filename: "ServerStorage\\Modules\\init.meta.json" }
Instruction: Adding ModuleScript ServerStorage\Modules/GameFunctions
Executing CreateFolder { folder: "ServerStorage\\Modules\\GameFunctions" }
Executing CreateFile { filename: "ServerStorage\\Modules\\GameFunctions\\init.luau" }
Executing CreateFile { filename: "ServerStorage\\Modules\\GameFunctions\\init.meta.json" }
Instruction: Adding metadata ServerStorage\Modules\GameFunctions/Slots
Executing CreateFolder { folder: "ServerStorage\\Modules\\GameFunctions\\Slots" }
Executing CreateFile { filename: "ServerStorage\\Modules\\GameFunctions\\Slots\\init.meta.json" }
Instruction: Adding metadata ServerStorage\Modules\GameFunctions\Slots/Backing
Executing CreateFolder { folder: "ServerStorage\\Modules\\GameFunctions\\Slots\\Backing" }
Executing CreateFile { filename: "ServerStorage\\Modules\\GameFunctions\\Slots\\Backing\\init.meta.json" }
Instruction: Adding metadata ServerStorage\Modules\GameFunctions\Slots\Backing/Spin
Executing CreateFolder { folder: "ServerStorage\\Modules\\GameFunctions\\Slots\\Backing\\Spin" }
Executing CreateFile { filename: "ServerStorage\\Modules\\GameFunctions\\Slots\\Backing\\Spin\\init.meta.json" }
Instruction: Adding Folder ServerStorage\Modules\GameFunctions\Slots\Backing\Spin/Scripts
Executing CreateFolder { folder: "ServerStorage\\Modules\\GameFunctions\\Slots\\Backing\\Spin\\Scripts" }
Executing CreateFile { filename: "ServerStorage\\Modules\\GameFunctions\\Slots\\Backing\\Spin\\Scripts\\init.meta.json" }
Instruction: Adding LocalScript ServerStorage\Modules\GameFunctions\Slots\Backing\Spin\Scripts/ExtendTextButtonLocalScript
Executing CreateFile { filename: "ServerStorage\\Modules\\GameFunctions\\Slots\\Backing\\Spin\\Scripts\\ExtendTextButtonLocalScript.client.luau" }
Instruction: Adding metadata ServerStorage\Modules\GameFunctions\Slots\Backing/Cycle
Executing CreateFolder { folder: "ServerStorage\\Modules\\GameFunctions\\Slots\\Backing\\Cycle" }
Executing CreateFile { filename: "ServerStorage\\Modules\\GameFunctions\\Slots\\Backing\\Cycle\\init.meta.json" }
Instruction: Adding Folder ServerStorage\Modules\GameFunctions\Slots\Backing\Cycle/Scripts
Executing CreateFolder { folder: "ServerStorage\\Modules\\GameFunctions\\Slots\\Backing\\Cycle\\Scripts" }
Executing CreateFile { filename: "ServerStorage\\Modules\\GameFunctions\\Slots\\Backing\\Cycle\\Scripts\\init.meta.json" }
Instruction: Adding LocalScript ServerStorage\Modules\GameFunctions\Slots\Backing\Cycle\Scripts/ExtendTextButtonLocalScript
Executing CreateFile { filename: "ServerStorage\\Modules\\GameFunctions\\Slots\\Backing\\Cycle\\Scripts\\ExtendTextButtonLocalScript.client.luau" }
Instruction: Adding LocalScript ServerStorage\Modules\GameFunctions\Slots/SlotsLocalCore
Executing CreateFile { filename: "ServerStorage\\Modules\\GameFunctions\\Slots\\SlotsLocalCore.client.luau" }
Executing CreateFile { filename: "ServerStorage\\Modules\\GameFunctions\\Slots\\SlotsLocalCore.meta.json" }
Instruction: Adding ModuleScript ServerStorage\Modules/CommonFunctions
Executing CreateFile { filename: "ServerStorage\\Modules\\CommonFunctions.luau" }
Instruction: Adding ModuleScript ServerStorage\Modules/ProfileService
Executing CreateFolder { folder: "ServerStorage\\Modules\\ProfileService" }
Executing CreateFile { filename: "ServerStorage\\Modules\\ProfileService\\init.luau" }
Instruction: Adding Folder ServerStorage\Modules\ProfileService/PlayerData
Executing CreateFolder { folder: "ServerStorage\\Modules\\ProfileService\\PlayerData" }
Executing CreateFile { filename: "ServerStorage\\Modules\\ProfileService\\PlayerData\\init.meta.json" }
Instruction: Adding ModuleScript ServerStorage\Modules\ProfileService\PlayerData/Template
Executing CreateFile { filename: "ServerStorage\\Modules\\ProfileService\\PlayerData\\Template.luau" }
Instruction: Adding ModuleScript ServerStorage\Modules\ProfileService\PlayerData/ProfileManager
Executing CreateFile { filename: "ServerStorage\\Modules\\ProfileService\\PlayerData\\ProfileManager.luau" }
Instruction: Adding ModuleScript ServerStorage\Modules/RankGun
Executing CreateFolder { folder: "ServerStorage\\Modules\\RankGun" }
Executing CreateFile { filename: "ServerStorage\\Modules\\RankGun\\init.luau" }
Instruction: Adding Folder ServerStorage\Modules\RankGun/include
Executing CreateFolder { folder: "ServerStorage\\Modules\\RankGun\\include" }
Executing CreateFile { filename: "ServerStorage\\Modules\\RankGun\\include\\init.meta.json" }
Instruction: Adding ModuleScript ServerStorage\Modules\RankGun\include/Promise
Executing CreateFile { filename: "ServerStorage\\Modules\\RankGun\\include\\Promise.luau" }
Instruction: Adding ModuleScript ServerStorage\Modules\RankGun\include/RuntimeLib
Executing CreateFile { filename: "ServerStorage\\Modules\\RankGun\\include\\RuntimeLib.luau" }
Instruction: Adding ModuleScript ServerStorage\Modules/NPCs
Executing CreateFile { filename: "ServerStorage\\Modules\\NPCs.luau" }
Instruction: Adding ModuleScript ServerStorage\Modules/AvatarImporterBrain
Executing CreateFile { filename: "ServerStorage\\Modules\\AvatarImporterBrain.luau" }
Instruction: Adding Folder ServerStorage/LongTermStorage
Executing CreateFolder { folder: "ServerStorage\\LongTermStorage" }
Executing CreateFile { filename: "ServerStorage\\LongTermStorage\\init.meta.json" }
Instruction: Adding Script ServerStorage\LongTermStorage/Script
Executing CreateFile { filename: "ServerStorage\\LongTermStorage\\Script.server.luau" }
Instruction: Adding Script ServerStorage\LongTermStorage/SlotCalcuator
Executing CreateFile { filename: "ServerStorage\\LongTermStorage\\SlotCalcuator.server.luau" }
Instruction: Adding Folder ServerStorage\LongTermStorage/Templates
Executing CreateFolder { folder: "ServerStorage\\LongTermStorage\\Templates" }
Executing CreateFile { filename: "ServerStorage\\LongTermStorage\\Templates\\init.meta.json" }
Instruction: Adding metadata ServerStorage\LongTermStorage\Templates/GoldClubDoor
Executing CreateFolder { folder: "ServerStorage\\LongTermStorage\\Templates\\GoldClubDoor" }
Executing CreateFile { filename: "ServerStorage\\LongTermStorage\\Templates\\GoldClubDoor\\init.meta.json" }
Instruction: Adding Script ServerStorage\LongTermStorage\Templates\GoldClubDoor/GoldClubLounge
Executing CreateFile { filename: "ServerStorage\\LongTermStorage\\Templates\\GoldClubDoor\\GoldClubLounge.server.luau" }
Instruction: Adding metadata ServerStorage\LongTermStorage/Backpack
Executing CreateFolder { folder: "ServerStorage\\LongTermStorage\\Backpack" }
Executing CreateFile { filename: "ServerStorage\\LongTermStorage\\Backpack\\init.meta.json" }
Instruction: Adding LocalScript ServerStorage\LongTermStorage\Backpack/BackpackCore
Executing CreateFile { filename: "ServerStorage\\LongTermStorage\\Backpack\\BackpackCore.client.luau" }
Done! Check rbxlx-to-rojo.log for a full log.
